Date,Home,Away,Home_Win_Prob,Confidence,Diff_NetRtg,Diff_Injury,Diff_Streak,Home_Injuries,Away_Injuries,Odds_Home,Odds_Away,EV_Home,EV_Away,Bet_Signal
2025-12-28,LAL,SAC,0.72,🟢 High (Home),10.27,-0.17,-4,Jaxson Hayes(6.3); Austin Reaves(21.3); Drew Timme(2.5); Gabe Vincent(2.8),Devin Carter(2.7); Drew Eubanks(4.3); Zach LaVine(12.9); Keegan Murray(11.9); Domantas Sabonis(14.9),,,,,無賠率
2025-12-28,LAC,DET,0.39,Toss-up,-11.11,0.33,4,Bradley Beal(3.2); Bogdan Bogdanović(5.1); Cam Christie(2.8); Ivica Zubac(14.8),,1.93,1.53,-0.24729999999999996,-0.06669999999999998,觀望
2025-12-28,WAS,MEM,0.43,Toss-up,-11.94,-0.24,-1,Malaki Branham(2.7); Kyshawn George(11.2); Corey Kispert(7.3); Cam Whitmore(6.2),Brandon Clarke(3.1); Zach Edey(13.3); Ty Jerome(5.0); John Konchar(4.1); Jock Landale(9.4); Scotty Pippen Jr.(5.0); Vince Williams Jr.(6.2),2.6,1.26,0.1180000000000001,-0.28179999999999994,觀望
2025-12-28,POR,BOS,0.31,🔴 High (Away),-9.32,0.65,-7,Jerami Grant(13.7); Scoot Henderson(5.0); Jrue Holiday(15.2); Damian Lillard(5.0); Matisse Thybulle(6.2); Blake Wesley(5.4); Robert Williams(8.1),Chris Boucher(2.0); Jayson Tatum(5.0),2.5,1.3,-0.22499999999999998,-0.10300000000000009,觀望
2025-12-28,TOR,GSW,0.65,🟢 High (Home),-0.39,0.11,-4,RJ Barrett(14.7); Collin Murray-Boyles(6.1); Jakob Poeltl(10.0),Seth Curry(7.3); De'Anthony Melton(4.6); Brandin Podziemski(10.0),2.15,1.42,0.39749999999999996,-0.5030000000000001,主EV高=0.40 (Risky)
2025-12-28,OKC,PHI,0.82,🟢 High (Home),13.22,-0.38,0,Ousmane Dieng(3.3); Thomas Sorber(5.0); Nikola Topić(5.0); Jaylin Williams(5.2),Joel Embiid(15.6); Paul George(12.7); Kelly Oubre Jr.(12.3); Trendon Watford(8.0),,,,,無賠率
2025-12-27,SAC,DAL,0.45,Toss-up,-6.46,0.05,0,Devin Carter(2.7); Drew Eubanks(4.3); Zach LaVine(12.9); Keegan Murray(11.9); Domantas Sabonis(14.9),Anthony Davis(18.2); Dante Exum(5.0); Kyrie Irving(5.0); Dereck Lively II(5.7); Brandon Williams(8.4),1.88,1.56,-0.154,-0.1419999999999999,觀望
2025-12-27,MIN,BRK,0.59,Toss-up,9.85,0.3,-3,Mike Conley(5.3); Anthony Edwards(21.5); Terrence Shannon Jr.(2.5),Haywood Highsmith(5.0),1.18,3.1,-0.3038,0.2710000000000001,觀望
2025-12-27,SAS,UTA,0.9,🟢 High (Home),13.31,-0.14,4,De'Aaron Fox(16.6),Ace Bailey(6.7); Walker Kessler(15.7); Georges Niang(5.0),,,,,無賠率
2025-12-27,ORL,DEN,0.39,Toss-up,-6.53,0.06,-2,Goga Bitadze(7.8); Jalen Suggs(12.5); Franz Wagner(17.9); Moritz Wagner(5.0),Tamar Bates(5.0); Christian Braun(9.6); Aaron Gordon(14.8); Cameron Johnson(9.0),2.25,1.38,-0.1224999999999999,-0.1582000000000001,觀望
2025-12-27,ATL,NYK,0.36,Toss-up,-8.01,-0.14,-6,N'Faly Dante(1.1); Kristaps Porziņģis(16.1),Josh Hart(12.6); Miles McBride(8.9); Landry Shamet(7.1),2.35,1.33,-0.154,-0.1487999999999999,觀望
2025-12-27,CHI,MIL,0.66,🟢 High (Home),0.09,-0.45,6,,Giannis Antetokounmpo(25.7); Taurean Prince(4.1); Gary Trent Jr.(6.1),1.3,2.5,-0.1419999999999999,-0.1500000000000001,觀望
2025-12-27,NOP,PHO,0.37,Toss-up,-8.42,-0.14,-4,Herbert Jones(7.4); Dejounte Murray(5.0),Grayson Allen(12.3); Jalen Green(11.2),2.05,1.46,-0.2415,-0.0802,觀望
2025-12-27,HOU,CLE,0.63,Toss-up,5.43,0.21,2,Alperen Şengün(19.7); Fred VanVleet(5.0),Larry Nance Jr.(2.5); Max Strus(5.0),1.38,2.25,-0.1306,-0.1674999999999999,觀望
2025-12-27,MIA,IND,0.77,🟢 High (Home),9.48,-0.05,8,Bam Adebayo(14.5); Tyler Herro(17.7),Tyrese Haliburton(5.0); Isaiah Jackson(7.1); Aaron Nesmith(10.1); Ben Sheppard(4.9); Obi Toppin(9.2),1.2,2.95,-0.076,-0.3215,HOME (Parlay) Win=77%
2025-12-26,NOP,PHO,0.47,Toss-up,-7.11,-0.01,-2,Herbert Jones(7.4); Dejounte Murray(5.0); Jordan Poole(10.1),Grayson Allen(12.3); Jalen Green(11.2),2.07,1.45,-0.0271000000000001,-0.2315,觀望
2025-12-26,POR,LAC,0.59,Toss-up,2.22,0.47,-4,Jerami Grant(13.7); Scoot Henderson(5.0); Jrue Holiday(15.2); Damian Lillard(5.0); Kris Murray(5.4); Matisse Thybulle(6.2); Blake Wesley(5.4); Robert Williams(8.1),Bradley Beal(3.2); Derrick Jones Jr.(8.7); Ivica Zubac(14.8),1.86,1.58,0.0973999999999999,-0.3521999999999999,BET HOME (Value) AdjEV=0.25💎
2025-12-26,UTA,DET,0.24,🔴 High (Away),-13.75,0.18,-7,Walker Kessler(15.7); Georges Niang(5.0),Ron Holland(6.1),3.3,1.15,-0.208,-0.1260000000000001,AWAY (Parlay) Win=76%
2025-12-26,CHI,PHI,0.56,Toss-up,-4.96,-0.86,5,,Dominick Barlow(9.1); VJ Edgecombe(12.2); Joel Embiid(15.1); Quentin Grimes(11.7); Kelly Oubre Jr.(12.3); Trendon Watford(8.0),1.7,1.73,-0.0479999999999999,-0.2388000000000001,BET HOME (Value) AdjEV=0.09💎
2025-12-26,WAS,TOR,0.46,Toss-up,-13.8,-0.22,-3,Corey Kispert(7.3); Cam Whitmore(6.2),RJ Barrett(14.7); Collin Murray-Boyles(6.1); Jakob Poeltl(10.0),2.95,1.2,0.3570000000000002,-0.352,主EV高=0.36 (Risky)
2025-12-26,ORL,CHO,0.69,🟢 High (Home),6.16,0.4,0,Goga Bitadze(7.8); Tristan Da Silva(7.1); Jalen Suggs(12.5); Franz Wagner(17.9); Moritz Wagner(5.0),Ryan Kalkbrenner(10.1); Mason Plumlee(2.8); Grant Williams(5.0),1.28,2.55,-0.1168,-0.2094999999999999,觀望
2025-12-26,MEM,MIL,0.6,Toss-up,2.52,0.29,0,Brandon Clarke(3.1); Cedric Coward(10.8); Zach Edey(13.3); Ty Jerome(5.0); John Konchar(4.1); Ja Morant(11.7); Scotty Pippen Jr.(5.0); Vince Williams Jr.(6.2),Giannis Antetokounmpo(25.7); Taurean Prince(4.1); Gary Trent Jr.(6.1),1.35,2.3,-0.1899999999999999,-0.08,觀望
2025-12-26,IND,BOS,0.19,🔴 High (Away),-14.0,0.27,-9,Tyrese Haliburton(5.0); Isaiah Jackson(7.1); Aaron Nesmith(10.1); Ben Sheppard(4.9); Obi Toppin(9.2),Chris Boucher(2.0); Jayson Tatum(5.0); Jordan Walsh(7.7),2.95,1.2,-0.4395,-0.028,PASS (Too Low Odds)
2025-12-26,ATL,MIA,0.42,Toss-up,-2.73,-0.31,-1,N'Faly Dante(1.1); Mouhamed Gueye(4.8); Kristaps Porziņģis(16.1),Bam Adebayo(14.5); Tyler Herro(17.7); Keshad Johnson(2.8); Nikola Jović(4.8); Pelle Larsson(7.1),1.43,2.1,-0.3994000000000001,0.2180000000000002,客EV高=0.22 (Risky)
2025-12-25,OKC,SAS,0.53,Toss-up,10.12,0.37,-5,Ousmane Dieng(3.3); Ajay Mitchell(11.5); Thomas Sorber(5.0); Nikola Topić(5.0); Jaylin Williams(5.2),,1.18,3.1,-0.3746,0.4569999999999998,觀望
2025-12-25,NYK,CLE,0.76,🟢 High (Home),6.22,-0.08,-3,Miles McBride(8.9); Landry Shamet(7.1); Guerschon Yabusele(2.0),Evan Mobley(16.8); Larry Nance Jr.(2.5); Max Strus(5.0),1.35,2.3,0.026,-0.448,BET HOME (Solid) EV=0.03
2025-12-25,GSW,DAL,0.73,🟢 High (Home),5.03,-0.51,1,Seth Curry(7.3); Al Horford(5.1),Max Christie(8.7); Dante Exum(5.0); Kyrie Irving(5.0); Dereck Lively II(5.7); Dwight Powell(3.1); Klay Thompson(6.2); P.J. Washington(11.5); Brandon Williams(8.0),1.22,2.85,-0.1094,-0.2304999999999999,HOME (Parlay) Win=73%
2025-12-25,LAL,HOU,0.32,🔴 High (Away),-7.64,0.17,0,Luka Dončić(27.2); Rui Hachimura(9.6); Jaxson Hayes(6.3); Gabe Vincent(2.8),Dorian Finney-Smith(5.0); Alperen Şengün(19.9); Jae'Sean Tate(2.5); Fred VanVleet(5.0),1.86,1.58,-0.4047999999999999,0.0744,觀望
2025-12-25,DEN,MIN,0.62,Toss-up,4.53,0.34,-4,Tamar Bates(5.0); Christian Braun(9.6); Aaron Gordon(14.8); Cameron Johnson(9.0),Jaden McDaniels(11.3),1.62,1.82,0.0043999999999999,-0.3084,觀望
2025-12-23,SAC,DET,0.27,🔴 High (Away),-17.0,0.37,-1,Devin Carter(2.7); Drew Eubanks(4.3); Zach LaVine(12.9); Doug McDermott(1.1); Domantas Sabonis(14.9),Ron Holland(6.1),3.1,1.18,-0.1629999999999999,-0.1386,AWAY (Parlay) Win=73%
2025-12-23,LAC,HOU,0.32,🔴 High (Away),-15.38,0.21,2,Bradley Beal(3.2); Derrick Jones Jr.(8.7); Ivica Zubac(14.8),Dorian Finney-Smith(5.0); Fred VanVleet(5.0),2.7,1.25,-0.1359999999999999,-0.1500000000000001,觀望
2025-12-23,CLE,NOP,0.53,Toss-up,8.77,0.15,-4,Evan Mobley(16.8); Larry Nance Jr.(2.5); Max Strus(5.0),Herbert Jones(7.4); Dejounte Murray(5.0),1.16,3.2,-0.3852,0.504,觀望
2025-12-23,POR,ORL,0.4,Toss-up,-5.97,0.1,0,Jerami Grant(13.7); Scoot Henderson(5.0); Jrue Holiday(15.2); Damian Lillard(5.0); Matisse Thybulle(6.2); Blake Wesley(5.4),Tristan Da Silva(7.1); Jalen Suggs(12.5); Franz Wagner(17.9); Moritz Wagner(5.0),1.82,1.62,-0.2719999999999999,-0.028,觀望
2025-12-23,IND,MIL,0.39,Toss-up,-3.95,0.2,-2,Tyrese Haliburton(5.0); Isaiah Jackson(7.1); T.J. McConnell(9.4); Aaron Nesmith(10.1); Ben Sheppard(4.9); Obi Toppin(9.2),Giannis Antetokounmpo(25.7); Taurean Prince(4.1),1.75,1.68,-0.3175,0.0247999999999999,觀望
2025-12-23,ATL,CHI,0.33,🔴 High (Away),2.89,0.41,-6,Dyson Daniels(11.7); Mouhamed Gueye(4.8); Kristaps Porziņģis(16.1),,1.43,2.1,-0.5281,0.4069999999999998,客EV高=0.41 (Risky)
2025-12-23,CHO,WAS,0.75,🟢 High (Home),8.96,0.09,-1,Ryan Kalkbrenner(10.1); Mason Plumlee(2.8); Collin Sexton(11.3); Grant Williams(5.0),Marvin Bagley III(9.5); Bilal Coulibaly(6.3); Cam Whitmore(6.2),1.33,2.35,-0.0024999999999999,-0.4125,HOME (Parlay) Win=75%
2025-12-23,PHI,BRK,0.66,🟢 High (Home),7.36,0.42,1,Dominick Barlow(9.1); Joel Embiid(14.5); Quentin Grimes(11.7); Kelly Oubre Jr.(12.3); Trendon Watford(8.0),Haywood Highsmith(5.0); Drake Powell(4.8); Cam Thomas(12.4),1.16,3.2,-0.2344,0.0879999999999998,觀望
2025-12-23,SAS,OKC,0.58,Toss-up,-10.31,-0.65,2,Victor Wembanyama(20.8),Alex Caruso(6.5); Ousmane Dieng(3.3); Isaiah Hartenstein(13.1); Chet Holmgren(15.3); Ajay Mitchell(11.5); Thomas Sorber(5.0); Nikola Topić(5.0); Aaron Wiggins(8.2); Jaylin Williams(5.2),2.3,1.35,0.3339999999999998,-0.4329999999999999,BET HOME (Value) AdjEV=0.52💎
2025-12-23,MIN,NYK,0.55,Toss-up,-3.35,-0.5,1,Joe Ingles(0.4); Jaden McDaniels(11.3),OG Anunoby(12.4); Jalen Brunson(21.1); Miles McBride(8.9); Landry Shamet(7.1); Guerschon Yabusele(2.0),1.28,2.55,-0.2959999999999999,0.1474999999999997,觀望
2025-12-23,UTA,MEM,0.54,Toss-up,-5.68,-0.31,-1,Walker Kessler(15.7); Kevin Love(6.5); Georges Niang(5.0),Brandon Clarke(3.1); Zach Edey(13.3); Ty Jerome(5.0); John Konchar(4.1); Ja Morant(11.7); Scotty Pippen Jr.(5.0); Javon Small(3.2); Vince Williams Jr.(6.2),1.9,1.55,0.026,-0.287,BET HOME (Value) AdjEV=0.18💎
2025-12-23,MIA,TOR,0.64,Toss-up,0.83,0.06,0,Tyler Herro(17.7); Nikola Jović(4.8); Pelle Larsson(7.1),RJ Barrett(14.7); Jakob Poeltl(10.0),1.36,2.28,-0.1295999999999999,-0.1792000000000001,觀望
2025-12-23,DAL,DEN,0.26,🔴 High (Away),-12.25,-0.0,-3,Max Christie(8.7); Dante Exum(5.0); Kyrie Irving(5.0); Dereck Lively II(5.7),Christian Braun(9.6); Aaron Gordon(14.8),2.6,1.26,-0.3239999999999999,-0.0676,AWAY (Parlay) Win=74%
2025-12-23,PHO,LAL,0.6,Toss-up,-1.49,-0.48,0,Grayson Allen(12.3); Jalen Green(11.2),Luka Dončić(27.2); Rui Hachimura(9.6); Austin Reaves(22.5); Gabe Vincent(2.8),1.32,2.4,-0.2079999999999999,-0.04,觀望
2025-12-22,GSW,ORL,0.43,Toss-up,-1.84,-0.38,0,Seth Curry(7.3); Al Horford(5.1),Tristan Da Silva(7.1); Jalen Suggs(12.5); Franz Wagner(17.9); Moritz Wagner(5.0),1.35,2.3,-0.4195,0.3109999999999999,客EV高=0.31 (Risky)
2025-12-22,OKC,MEM,0.68,🟢 High (Home),17.17,-0.32,0,Thomas Sorber(5.0); Nikola Topić(5.0); Aaron Wiggins(8.2); Jaylin Williams(5.2),Zach Edey(13.3); Ty Jerome(5.0); John Konchar(4.1); Ja Morant(11.7); Scotty Pippen Jr.(5.0); Javon Small(3.2); Vince Williams Jr.(6.2),,,,,無賠率
2025-12-22,CLE,CHO,0.57,Toss-up,5.14,0.28,-2,Sam Merrill(10.1); Donovan Mitchell(22.3); Evan Mobley(16.8); Larry Nance Jr.(2.5); Craig Porter Jr.(6.3); Max Strus(5.0),LaMelo Ball(14.5); Ryan Kalkbrenner(10.1); Collin Sexton(11.3); Grant Williams(5.0),1.18,3.1,-0.3274000000000001,0.3330000000000002,觀望
2025-12-22,NOP,DAL,0.54,Toss-up,-4.58,-0.41,5,Herbert Jones(7.3); Dejounte Murray(5.0),Max Christie(8.7); Dante Exum(5.0); Cooper Flagg(14.6); Kyrie Irving(5.0); Dereck Lively II(5.7); Klay Thompson(6.0),1.7,1.73,-0.0819999999999999,-0.2042,BET HOME (Value) AdjEV=0.05💎
2025-12-22,POR,DET,0.2,🔴 High (Away),-9.19,0.63,2,Jerami Grant(13.7); Scoot Henderson(5.0); Jrue Holiday(15.2); Damian Lillard(5.0); Matisse Thybulle(6.2); Blake Wesley(5.4),,2.5,1.3,-0.5,0.04,BET AWAY (Sniper) EV=0.04
2025-12-22,BOS,IND,0.87,🟢 High (Home),13.26,-0.1,6,Jaylen Brown(20.4); Jayson Tatum(5.0); Jordan Walsh(7.7),Johnny Furphy(2.2); Tyrese Haliburton(5.0); T.J. McConnell(9.4); Aaron Nesmith(10.1); Ben Sheppard(4.9); Obi Toppin(9.2),1.13,3.4,-0.0169000000000001,-0.558,HOME (Parlay) Win=87%
2025-12-22,DEN,UTA,0.82,🟢 High (Home),16.24,-0.1,1,Christian Braun(9.6); Aaron Gordon(14.8); Peyton Watson(9.0),Walker Kessler(15.7); Lauri Markkanen(21.0); Georges Niang(5.0),,,,,無賠率
2025-12-21,ATL,CHI,0.75,🟢 High (Home),4.33,-0.22,-4,Kristaps Porziņģis(16.1),Ayo Dosunmu(11.4); Jalen Smith(7.6); Coby White(14.5),1.42,2.15,0.0649999999999999,-0.4625,BET HOME (Solid) EV=0.06
2025-12-21,MIN,MIL,0.72,🟢 High (Home),8.43,-0.31,3,Mike Conley(5.1),Giannis Antetokounmpo(25.7); Taurean Prince(4.1),1.09,3.8,-0.2151999999999999,0.064,HOME (Parlay) Win=72%
2025-12-21,WAS,SAS,0.1,🔴 High (Away),-18.41,0.28,-1,Bilal Coulibaly(6.3); Corey Kispert(7.3); Jamir Watkins(2.7); Cam Whitmore(6.2),,,,,,無賠率
2025-12-21,BRK,TOR,0.57,Toss-up,-7.93,0.01,0,Haywood Highsmith(5.0); Drake Powell(4.8); Ben Saraf(3.5); Cam Thomas(12.4),RJ Barrett(14.7); Jakob Poeltl(10.4),2.05,1.46,0.1684999999999998,-0.3722,BET HOME (Value) AdjEV=0.33💎
2025-12-21,SAC,HOU,0.39,Toss-up,-19.68,0.16,-6,Drew Eubanks(4.3); Zach LaVine(12.9); Domantas Sabonis(14.9),Tari Eason(9.1); Dorian Finney-Smith(5.0); Fred VanVleet(5.0),,,,,無賠率
2025-12-21,NYK,MIA,0.83,🟢 High (Home),5.64,-0.46,0,Miles McBride(8.9); Landry Shamet(7.1),Tyler Herro(17.7); Nikola Jović(4.8); Pelle Larsson(7.1); Davion Mitchell(10.8); Andrew Wiggins(12.3),1.23,2.8,0.0208999999999999,-0.5239999999999999,BET HOME (Solid) EV=0.02
2025-12-20,GSW,PHO,0.58,Toss-up,0.97,-0.09,-4,Seth Curry(7.3); Al Horford(5.1); Pat Spencer(6.7),Grayson Allen(12.3); Jalen Green(11.2); Isaiah Livers(2.3),1.32,2.4,-0.2344,0.008,觀望
2025-12-20,MEM,WAS,0.67,🟢 High (Home),12.39,0.38,3,Zach Edey(13.3); Ty Jerome(5.0); John Konchar(4.1); Ja Morant(11.7); Scotty Pippen Jr.(5.0); Javon Small(3.2); Vince Williams Jr.(6.2),Malaki Branham(2.9); Corey Kispert(7.3); Khris Middleton(8.1),1.12,3.5,-0.2495999999999999,0.1549999999999998,客EV高=0.15 (Risky)
2025-12-20,DET,CHO,0.77,🟢 High (Home),9.84,-0.11,-3,Caris LeVert(7.3); Duncan Robinson(8.7),Pat Connaughton(3.8); Tre Mann(4.7); Collin Sexton(11.3); Grant Williams(5.0),1.16,3.2,-0.1068,-0.264,HOME (Parlay) Win=77%
2025-12-20,DEN,HOU,0.7,🟢 High (Home),-0.25,0.18,8,Christian Braun(9.6); Aaron Gordon(14.8); Peyton Watson(9.0),Tari Eason(9.1); Dorian Finney-Smith(5.0); Fred VanVleet(5.0),1.72,1.72,0.2039999999999999,-0.484,BET HOME (Solid) EV=0.20🔥
2025-12-20,PHI,DAL,0.53,Toss-up,4.87,-0.05,0,Joel Embiid(14.5); Kelly Oubre Jr.(12.3); Hunter Sallis(0.4); Trendon Watford(8.0),Anthony Davis(17.6); Dante Exum(5.0); Kyrie Irving(5.0); Dereck Lively II(5.7); Klay Thompson(6.1),1.58,1.86,-0.1625999999999999,-0.1258,觀望
2025-12-20,UTA,ORL,0.42,Toss-up,-10.39,-0.05,1,Walker Kessler(15.7); Lauri Markkanen(21.0); Georges Niang(5.0),Tristan Da Silva(7.1); Jonathan Isaac(2.8); Jalen Suggs(12.5); Franz Wagner(17.9); Moritz Wagner(5.0),2.7,1.25,0.1340000000000001,-0.2749999999999999,觀望
2025-12-20,TOR,BOS,0.34,🔴 High (Away),-3.39,0.23,1,RJ Barrett(14.7); Jakob Poeltl(10.4),Ron Harper Jr.(2.0); Jayson Tatum(5.0),1.8,1.63,-0.3879999999999999,0.0757999999999998,觀望
2025-12-20,NOP,IND,0.57,Toss-up,-0.8,-0.35,6,Dejounte Murray(5.0),Tony Bradley(3.9); Tyrese Haliburton(5.0); Aaron Nesmith(10.1); Ben Sheppard(4.9); Obi Toppin(9.2),1.5,1.96,-0.145,-0.1571999999999999,觀望
2025-12-20,LAC,LAL,0.5,Toss-up,-7.25,-0.01,-7,Bradley Beal(3.2); Cam Christie(3.2); James Harden(21.0); Derrick Jones Jr.(8.7); Yanic Konan Niederhäuser(2.5),Deandre Ayton(13.8); Austin Reaves(22.5); Gabe Vincent(2.8),1.86,1.58,-0.0699999999999999,-0.2099999999999999,BET HOME (Value) AdjEV=0.08💎
2025-12-20,SAC,POR,0.44,Toss-up,-7.6,-0.06,-6,Drew Eubanks(4.3); Zach LaVine(12.9); Domantas Sabonis(14.9),Scoot Henderson(5.0); Jrue Holiday(15.2); Damian Lillard(5.0); Matisse Thybulle(6.2); Blake Wesley(5.4),2.15,1.42,-0.054,-0.2047999999999999,觀望
2025-12-19,CLE,CHI,0.79,🟢 High (Home),7.34,0.32,-3,Sam Merrill(10.1); Donovan Mitchell(22.3); Evan Mobley(16.8); Larry Nance Jr.(2.5); Max Strus(5.0),Zach Collins(6.9); Ayo Dosunmu(11.7); Tre Jones(12.7),1.25,2.7,-0.0124999999999999,-0.433,HOME (Parlay) Win=79%
2025-12-19,MIN,OKC,0.39,Toss-up,-11.46,-0.04,-2,Mike Conley(5.1); Anthony Edwards(20.9),Isaiah Hartenstein(13.8); Thomas Sorber(5.0); Nikola Topić(5.0); Jaylin Williams(5.2),2.85,1.22,0.1115000000000001,-0.2558,觀望
2025-12-19,ATL,SAS,0.67,🟢 High (Home),-3.35,0.2,-2,Kristaps Porziņģis(16.1),,1.86,1.58,0.2462000000000002,-0.4786,主EV高=0.25 (Risky)
2025-12-19,NYK,PHI,0.75,🟢 High (Home),7.57,0.24,8,Josh Hart(12.8); Miles McBride(8.9); Mitchell Robinson(7.2); Landry Shamet(7.1); Karl-Anthony Towns(18.7),Joel Embiid(14.5); Kelly Oubre Jr.(12.3); Hunter Sallis(0.4); Trendon Watford(8.0),1.4,2.2,0.0499999999999998,-0.4499999999999999,BET HOME (Solid) EV=0.05
2025-12-19,BOS,MIA,0.61,Toss-up,3.33,-0.13,-3,Ron Harper Jr.(2.0); Sam Hauser(4.9); Josh Minott(7.0); Jayson Tatum(5.0),Tyler Herro(17.7); Nikola Jović(4.8); Pelle Larsson(7.1),1.28,2.55,-0.2191999999999999,-0.0055,觀望
2025-12-18,BRK,MIA,0.59,Toss-up,-10.96,-0.33,6,Haywood Highsmith(5.0); Ben Saraf(3.5); Cam Thomas(12.4),Tyler Herro(17.7); Nikola Jović(4.8); Pelle Larsson(7.1); Norman Powell(17.3),2.5,1.3,0.4749999999999998,-0.4669999999999999,BET HOME (Value) AdjEV=0.67💎
2025-12-18,CHO,ATL,0.37,Toss-up,-4.49,0.09,0,LaMelo Ball(14.7); Pat Connaughton(3.8); Tre Mann(4.7); Collin Sexton(11.3); Grant Williams(5.0),N'Faly Dante(1.1); Kristaps Porziņģis(16.1); Jacob Toppin(1.3); Trae Young(13.8),2.2,1.4,-0.1859999999999999,-0.1180000000000001,觀望
2025-12-18,POR,SAC,0.63,Toss-up,7.17,-0.06,4,Scoot Henderson(5.0); Jrue Holiday(15.2); Damian Lillard(5.0); Matisse Thybulle(6.2); Blake Wesley(5.4),Drew Eubanks(4.3); Zach LaVine(12.9); Domantas Sabonis(14.9); Dennis Schröder(9.8),1.2,2.95,-0.244,0.0915000000000001,觀望
2025-12-18,OKC,LAC,0.91,🟢 High (Home),22.21,-0.08,3,Isaiah Hartenstein(13.8); Thomas Sorber(5.0); Nikola Topić(5.0); Jaylin Williams(5.2),Bradley Beal(3.2); James Harden(21.0); Derrick Jones Jr.(8.7); Yanic Konan Niederhäuser(2.5),,,,,無賠率
2025-12-18,UTA,LAL,0.31,🔴 High (Away),-8.93,0.21,1,Walker Kessler(15.7); Walker Kessler(15.7); Lauri Markkanen(21.0); Georges Niang(5.0),Deandre Ayton(13.8); Maxi Kleber(1.7); Austin Reaves(22.5); Gabe Vincent(2.8),2.7,1.25,-0.1629999999999999,-0.1375,觀望
2025-12-18,NOP,HOU,0.35,🔴 High (Away),-19.52,-0.18,3,Dejounte Murray(5.0),Tari Eason(9.1); Dorian Finney-Smith(5.0); Fred VanVleet(5.0),3.2,1.16,0.1199999999999998,-0.246,觀望
2025-12-18,SAS,WAS,0.84,🟢 High (Home),19.23,-0.43,-2,,Malaki Branham(2.9); Corey Kispert(7.3); Khris Middleton(8.1); Alex Sarr(16.1),,,,,無賠率
2025-12-18,DEN,ORL,0.6,Toss-up,5.45,-0.06,6,Christian Braun(9.6); Aaron Gordon(14.8); Tim Hardaway Jr.(9.1); Peyton Watson(9.0),Colin Castleton(5.0); Tristan Da Silva(7.1); Jalen Suggs(12.5); Franz Wagner(17.9); Moritz Wagner(5.0),1.25,2.7,-0.25,0.08,觀望
2025-12-18,PHO,GSW,0.29,🔴 High (Away),-1.11,0.18,0,Grayson Allen(12.3); Jalen Green(11.2); Isaiah Livers(2.3),Al Horford(5.1); Pat Spencer(6.7),1.85,1.6,-0.4635,0.1359999999999999,BET AWAY (Sniper) EV=0.14🔥
2025-12-18,DAL,DET,0.37,Toss-up,-9.88,0.61,-5,Anthony Davis(18.2); Dante Exum(5.0); Kyrie Irving(5.0); Dereck Lively II(5.7); D'Angelo Russell(7.4); Brandon Williams(8.3),Isaac Jones(0.8),2.35,1.33,-0.1304999999999999,-0.1620999999999999,觀望
2025-12-18,IND,NYK,0.5,Toss-up,-16.06,-0.49,-8,Tyrese Haliburton(5.0); Aaron Nesmith(10.1); Ben Sheppard(4.9); Obi Toppin(9.2),OG Anunoby(13.7); Josh Hart(12.8); Miles McBride(8.9); Mitchell Robinson(7.2); Landry Shamet(7.1); Karl-Anthony Towns(18.7),2.07,1.45,0.0349999999999999,-0.275,BET HOME (Value) AdjEV=0.20💎
2025-12-18,MIL,TOR,0.37,Toss-up,-4.04,0.48,-2,Giannis Antetokounmpo(25.7); Cole Anthony(4.9); A.J. Green(8.5); Kyle Kuzma(10.0); Taurean Prince(4.1),RJ Barrett(14.7),2.35,1.33,-0.1304999999999999,-0.1620999999999999,觀望
2025-12-17,MIN,MEM,0.74,🟢 High (Home),6.27,-0.27,1,Mike Conley(5.1); Anthony Edwards(20.9),Brandon Clarke(5.0); Zach Edey(13.3); Ty Jerome(5.0); John Konchar(4.1); Ja Morant(11.7); Scotty Pippen Jr.(5.0); Javon Small(3.2),1.23,2.8,-0.0897999999999999,-0.272,HOME (Parlay) Win=74%
2025-12-17,CHI,CLE,0.42,Toss-up,-7.51,-0.28,0,Ayo Dosunmu(11.7),Sam Merrill(10.1); Evan Mobley(16.8); Larry Nance Jr.(2.5); Max Strus(5.0),2.25,1.38,-0.055,-0.1996,觀望
2025-12-15,BOS,DET,0.52,Toss-up,1.42,0.11,-4,Chris Boucher(2.0); Ron Harper Jr.(2.0); Jayson Tatum(5.0); Amari Williams(1.0),Isaac Jones(0.8),1.65,1.78,-0.142,-0.1456,觀望
2025-12-15,UTA,DAL,0.51,Toss-up,-3.65,-0.37,-1,Walker Kessler(15.7); Georges Niang(5.0),Anthony Davis(18.2); Dante Exum(5.0); Daniel Gafford(9.3); Kyrie Irving(5.0); Dereck Lively II(5.7); D'Angelo Russell(7.4),1.86,1.58,-0.0513999999999998,-0.2258,BET HOME (Value) AdjEV=0.10💎
2025-12-15,MIA,TOR,0.76,🟢 High (Home),1.12,-0.13,0,Pelle Larsson(7.1),RJ Barrett(14.7); Jamison Battle(3.2),1.32,2.4,0.0032,-0.424,BET HOME (Solid) EV=0.00
2025-12-15,DEN,HOU,0.56,Toss-up,-1.82,0.09,3,Christian Braun(9.6); Aaron Gordon(14.8); Julian Strawther(1.9),Tari Eason(9.1); Dorian Finney-Smith(5.0); Fred VanVleet(5.0),1.65,1.78,-0.0759999999999999,-0.2168000000000001,BET HOME (Value) AdjEV=0.06💎
2025-12-15,LAC,MEM,0.49,Toss-up,-3.61,-0.3,-2,Bradley Beal(3.2); Derrick Jones Jr.(8.7),Brandon Clarke(5.0); Zach Edey(13.3); Ty Jerome(5.0); John Konchar(4.1); Scotty Pippen Jr.(5.0); Javon Small(3.2),1.46,2.05,-0.2846000000000001,0.0454999999999998,觀望
2025-12-14,MIN,SAC,0.73,🟢 High (Home),14.61,-0.05,3,Mike Conley(5.1); Anthony Edwards(20.9); Bones Hyland(3.3),Keon Ellis(4.1); Drew Eubanks(4.3); Domantas Sabonis(14.9); Dennis Schröder(9.8),1.12,3.5,-0.1823999999999999,-0.0549999999999999,HOME (Parlay) Win=73%
2025-12-14,CLE,CHO,0.74,🟢 High (Home),6.96,0.01,3,Jarrett Allen(13.4); Sam Merrill(10.1); Evan Mobley(16.8); Larry Nance Jr.(2.5); Max Strus(5.0),LaMelo Ball(14.7); Pat Connaughton(3.8); Josh Green(1.9); Tre Mann(4.7); Tidjane Salaün(5.6); Collin Sexton(11.3); Grant Williams(5.0),1.12,3.5,-0.1711999999999999,-0.0899999999999999,HOME (Parlay) Win=74%
2025-12-14,PHO,LAL,0.55,Toss-up,0.18,0.25,0,Devin Booker(18.0); Dillon Brooks(12.4); Jalen Green(11.2); Isaiah Livers(2.3),Maxi Kleber(1.7); Austin Reaves(22.5),1.73,1.7,-0.0484999999999999,-0.2350000000000001,BET HOME (Value) AdjEV=0.09💎
2025-12-14,IND,WAS,0.67,🟢 High (Home),8.06,-0.01,3,Tony Bradley(4.0); Tyrese Haliburton(5.0); Andrew Nembhard(13.6); Aaron Nesmith(10.1); Ben Sheppard(4.9); Obi Toppin(9.2),Malaki Branham(2.9); Bilal Coulibaly(6.9); Tre Johnson(6.3); Corey Kispert(7.3); Khris Middleton(8.1); Alex Sarr(16.1),1.16,3.2,-0.2228,0.0559999999999998,觀望
2025-12-14,POR,GSW,0.34,🔴 High (Away),-4.92,0.65,-2,Donovan Clingan(11.7); Yang Hansen(1.2); Scoot Henderson(5.0); Jrue Holiday(15.2); Damian Lillard(5.0); Matisse Thybulle(6.2); Blake Wesley(5.4); Robert Williams(7.6),Al Horford(5.1),2.15,1.42,-0.269,-0.0628000000000001,觀望
2025-12-14,ATL,PHI,0.75,🟢 High (Home),0.58,-0.16,-2,Nickeil Alexander-Walker(14.8); N'Faly Dante(1.1); Kristaps Porziņģis(16.1); Jacob Toppin(1.3); Trae Young(13.8),Joel Embiid(14.3); Tyrese Maxey(24.7); Kelly Oubre Jr.(12.3); Hunter Sallis(0.4); Trendon Watford(8.0),1.4,2.2,0.0499999999999998,-0.4499999999999999,BET HOME (Solid) EV=0.05
2025-12-14,CHI,NOP,0.66,🟢 High (Home),5.58,0.2,0,Ayo Dosunmu(11.7); Kevin Huerter(9.0); Dalen Terry(3.1); Coby White(14.3),Dejounte Murray(5.0); Zion Williamson(17.1),1.4,2.2,-0.076,-0.252,觀望
2025-12-14,BRK,MIL,0.45,Toss-up,-4.87,-0.22,-2,Haywood Highsmith(5.0); Ben Saraf(3.5); Cam Thomas(12.4),Giannis Antetokounmpo(25.7); A.J. Green(8.5); Taurean Prince(4.1),1.8,1.63,-0.1899999999999999,-0.1035,觀望
2025-12-13,OKC,SAS,0.73,🟢 High (Home),11.63,-0.04,14,Isaiah Joe(9.5); Thomas Sorber(5.0); Nikola Topić(5.0),Victor Wembanyama(22.6),1.15,3.3,-0.1605000000000001,-0.1089999999999999,HOME (Parlay) Win=73%
2025-12-13,ORL,NYK,0.49,Toss-up,-4.28,0.08,-3,Franz Wagner(17.9); Moritz Wagner(5.0),Pacome Dadiet(0.3); Miles McBride(8.9); Landry Shamet(7.1),2.3,1.35,0.127,-0.3114999999999999,觀望
2025-12-12,DAL,BRK,0.76,🟢 High (Home),4.18,0.1,0,Dante Exum(5.0); Daniel Gafford(9.3); Kyrie Irving(5.0); Dereck Lively II(5.7),Haywood Highsmith(5.0); Cam Thomas(12.4),1.23,2.8,-0.0652,-0.328,HOME (Parlay) Win=76%
2025-12-12,PHI,IND,0.7,🟢 High (Home),9.08,0.16,-3,Joel Embiid(12.7); Tyrese Maxey(24.7); Kelly Oubre Jr.(12.3); Hunter Sallis(0.4); Trendon Watford(8.0),Tyrese Haliburton(5.0); Quenton Jackson(10.9); Kam Jones(5.0); Aaron Nesmith(10.1); Ben Sheppard(4.9); Obi Toppin(9.2),1.23,2.8,-0.139,-0.1599999999999999,HOME (Parlay) Win=70%
2025-12-12,DET,ATL,0.62,Toss-up,4.18,-0.46,1,Isaac Jones(0.8),N'Faly Dante(1.1); Nikola Djurisic(5.0); Kristaps Porziņģis(16.1); Jacob Toppin(1.3); Trae Young(13.8),1.25,2.7,-0.2249999999999999,0.026,觀望
2025-12-12,WAS,CLE,0.32,🔴 High (Away),-18.48,0.22,-2,Malaki Branham(2.9); Bilal Coulibaly(6.9); Tre Johnson(6.8); Corey Kispert(7.3); Khris Middleton(8.1); Alex Sarr(16.1),Jarrett Allen(13.4); Sam Merrill(10.1); Larry Nance Jr.(2.5); Max Strus(5.0),,,,,無賠率
2025-12-12,CHO,CHI,0.53,Toss-up,-0.2,-0.15,6,LaMelo Ball(14.7); Pat Connaughton(3.8); Moussa Diabaté(10.3); Josh Green(5.0); Tre Mann(4.7); Collin Sexton(11.3); Grant Williams(5.0),Zach Collins(4.7); Ayo Dosunmu(11.7); Kevin Huerter(9.0); Tre Jones(13.1); Isaac Okoro(5.7); Jalen Smith(8.3); Coby White(14.7),1.9,1.55,0.0069999999999998,-0.2715000000000001,BET HOME (Value) AdjEV=0.16💎
2025-12-12,MEM,UTA,0.73,🟢 High (Home),4.21,0.33,4,Brandon Clarke(5.0); Zach Edey(13.3); Ty Jerome(5.0); John Konchar(4.1); Ja Morant(11.7); Scotty Pippen Jr.(5.0); Javon Small(3.2),Walker Kessler(15.7); Georges Niang(5.0),1.26,2.6,-0.0802,-0.2979999999999999,HOME (Parlay) Win=73%
2025-12-12,GSW,MIN,0.5,Toss-up,-4.23,-0.12,3,Draymond Green(6.5); Al Horford(5.1); Trayce Jackson-Davis(4.5),Mike Conley(5.1); Anthony Edwards(20.9),1.58,1.86,-0.2099999999999999,-0.0699999999999999,觀望
2025-12-11,SAC,DEN,0.5,Toss-up,-18.83,-0.02,-4,Domantas Sabonis(14.9); Dennis Schröder(9.8),Christian Braun(9.6); Aaron Gordon(14.8); Julian Strawther(1.9),3.3,1.15,0.6499999999999999,-0.425,BET HOME (Value) AdjEV=0.91💎
2025-12-11,HOU,LAC,0.88,🟢 High (Home),17.09,0.09,1,Tari Eason(9.1); Dorian Finney-Smith(5.0); Fred VanVleet(5.0),Bradley Beal(3.2); Derrick Jones Jr.(8.7),1.18,3.1,0.0383999999999999,-0.628,BET HOME (Solid) EV=0.04
2025-12-11,MIL,BOS,0.36,Toss-up,-9.38,0.35,-7,Giannis Antetokounmpo(25.7); A.J. Green(8.5); Taurean Prince(4.1),Chris Boucher(2.0); Ron Harper Jr.(2.0); Jayson Tatum(5.0); Amari Williams(1.0),3.1,1.18,0.1159999999999998,-0.2448,觀望
2025-12-11,NOP,POR,0.3,🔴 High (Away),-8.58,-0.32,-5,Dejounte Murray(5.0); Jordan Poole(9.7); Zion Williamson(17.1),Donovan Clingan(11.7); Yang Hansen(1.2); Scoot Henderson(5.0); Jrue Holiday(15.2); Damian Lillard(5.0); Matisse Thybulle(6.2); Blake Wesley(5.4); Robert Williams(7.6),2.15,1.42,-0.3550000000000001,-0.0060000000000001,觀望
2025-12-10,LAL,SAS,0.59,Toss-up,-2.14,-0.3,0,Maxi Kleber(1.7),Jordan McLaughlin(3.4); Victor Wembanyama(22.6),1.3,2.5,-0.2329999999999999,0.0250000000000001,觀望
2025-12-10,OKC,PHO,0.85,🟢 High (Home),12.89,0.02,14,Isaiah Hartenstein(14.0); Isaiah Joe(9.5); Thomas Sorber(5.0); Nikola Topić(5.0),Devin Booker(18.0); Jalen Green(11.2); Isaiah Livers(2.3),,,,,無賠率
2025-12-09,TOR,NYK,0.28,🔴 High (Away),-5.47,-0.13,-6,RJ Barrett(14.7); Jamison Battle(3.2); Jamal Shead(6.5),Pacome Dadiet(0.3); Miles McBride(8.9); Landry Shamet(7.1); Karl-Anthony Towns(18.6),2.2,1.4,-0.3839999999999999,0.008,BET AWAY (Sniper) EV=0.01
2025-12-09,ORL,MIA,0.66,🟢 High (Home),0.03,-0.26,2,Franz Wagner(17.9); Moritz Wagner(5.0),Tyler Herro(18.7); Pelle Larsson(7.3); Davion Mitchell(10.9); Dru Smith(6.6),1.78,1.65,0.1748,-0.439,主EV高=0.17 (Risky)
2025-12-08,IND,SAC,0.48,Toss-up,2.22,0.08,0,Tyrese Haliburton(5.0); Quenton Jackson(10.9); Kam Jones(5.0); Aaron Nesmith(10.1); Ben Sheppard(4.9); Obi Toppin(9.2),Keegan Murray(14.3); Domantas Sabonis(14.9); Dennis Schröder(9.8),1.46,2.05,-0.2992,0.0659999999999998,觀望
2025-12-08,MIN,PHO,0.66,🟢 High (Home),1.58,-0.4,6,,Devin Booker(18.0); Jalen Green(11.2); Isaiah Livers(2.3),1.16,3.2,-0.2344,0.0879999999999998,觀望
2025-12-08,NOP,SAS,0.47,Toss-up,-15.62,-0.16,-5,Herbert Jones(6.2); Dejounte Murray(5.0); Jordan Poole(9.7); Zion Williamson(17.1),Stephon Castle(14.7); Luke Kornet(10.0); Jordan McLaughlin(3.4); Victor Wembanyama(22.6),3.2,1.16,0.504,-0.3852,主EV高=0.50 (Risky)
2025-12-07,PHI,LAL,0.58,Toss-up,-2.87,0.33,4,Joel Embiid(13.3); Paul George(11.7); Kelly Oubre Jr.(12.3); Trendon Watford(8.0),LeBron James(11.7); Marcus Smart(7.2),2.15,1.42,0.2469999999999999,-0.4035999999999999,BET HOME (Value) AdjEV=0.42💎
2025-12-07,TOR,BOS,0.34,🔴 High (Away),-1.99,0.34,-6,RJ Barrett(14.7); Jamison Battle(3.2); Immanuel Quickley(14.2),Jayson Tatum(5.0),1.9,1.55,-0.354,0.0229999999999999,觀望
2025-12-07,CHO,DEN,0.2,🔴 High (Away),-14.24,0.36,-1,LaMelo Ball(14.7); Pat Connaughton(3.8); Moussa Diabaté(10.3); Josh Green(5.0); Tre Mann(4.7); Collin Sexton(11.3); Grant Williams(5.0),Christian Braun(9.6); Aaron Gordon(14.8); Julian Strawther(1.9),3.4,1.13,-0.3199999999999999,-0.096,AWAY (Parlay) Win=80%
2025-12-07,NYK,ORL,0.7,🟢 High (Home),2.63,0.26,1,Landry Shamet(7.1); Karl-Anthony Towns(18.6),Moritz Wagner(5.0),1.48,2.0,0.036,-0.3999999999999999,BET HOME (Solid) EV=0.04
2025-12-07,MEM,POR,0.66,🟢 High (Home),-1.01,-0.23,2,Brandon Clarke(5.0); Ty Jerome(5.0); Ja Morant(11.7); Scotty Pippen Jr.(5.0); Javon Small(3.2),Donovan Clingan(11.7); Scoot Henderson(5.0); Jrue Holiday(15.2); Damian Lillard(5.0); Matisse Thybulle(6.2); Blake Wesley(5.4),1.68,1.75,0.1088,-0.405,觀望
2025-12-07,UTA,OKC,0.43,Toss-up,-20.56,-0.66,-15,Walker Kessler(15.7); Georges Niang(5.0),Alex Caruso(5.9); Luguentz Dort(5.8); Shai Gilgeous-Alexander(28.6); Isaiah Hartenstein(14.0); Isaiah Joe(9.5); Thomas Sorber(5.0); Nikola Topić(5.0),3.4,1.13,0.4619999999999999,-0.3559,主EV高=0.46 (Risky)
2025-12-07,CHI,GSW,0.64,Toss-up,-3.53,0.08,-7,Zach Collins(7.4); Ayo Dosunmu(12.0); Kevin Huerter(9.0); Tre Jones(13.1); Isaac Okoro(5.7); Jalen Smith(8.3); Dalen Terry(2.8); Coby White(16.9); Patrick Williams(4.9),Jimmy Butler(19.3); Seth Curry(7.3); Stephen Curry(19.5); Draymond Green(6.5); Al Horford(5.1); De'Anthony Melton(11.2); Alex Toohey(5.0),1.73,1.7,0.1071999999999999,-0.388,觀望
2025-12-06,DAL,HOU,0.53,Toss-up,-15.57,-0.04,-3,Dante Exum(5.0); Daniel Gafford(9.3); Kyrie Irving(5.0); Dereck Lively II(5.7); P.J. Washington(11.3),Tari Eason(9.1); Dorian Finney-Smith(5.0); Alperen Şengün(20.2); Fred VanVleet(5.0),3.1,1.18,0.6430000000000002,-0.4454,BET HOME (Value) AdjEV=0.89💎
2025-12-06,DET,MIL,0.63,Toss-up,7.16,-0.4,2,Bobi Klintman(1.1); Marcus Sasser(5.0),Giannis Antetokounmpo(25.7); A.J. Green(8.5); Taurean Prince(4.1),,,,,無賠率
2025-12-06,MIA,SAC,0.8,🟢 High (Home),15.25,-0.07,2,Tyler Herro(18.7),Domantas Sabonis(14.9); Dennis Schröder(9.8),1.22,2.85,-0.024,-0.4300000000000001,HOME (Parlay) Win=80%
2025-12-06,WAS,ATL,0.24,🔴 High (Away),-14.87,0.43,1,Bilal Coulibaly(6.9); Tre Johnson(6.8); Corey Kispert(7.3); Khris Middleton(8.1); Alex Sarr(16.1); Tristan Vukcevic(4.1); Cam Whitmore(6.2),N'Faly Dante(1.1); Nikola Djurisic(5.0); Jacob Toppin(1.3); Trae Young(13.8),3.2,1.16,-0.2319999999999999,-0.1184,AWAY (Parlay) Win=76%
2025-12-06,CLE,GSW,0.55,Toss-up,2.32,-0.38,3,Jarrett Allen(13.4); Darius Garland(9.1); Sam Merrill(10.1); Larry Nance Jr.(2.5); Tyrese Proctor(3.5); Max Strus(5.0),Jimmy Butler(19.3); Seth Curry(7.3); Stephen Curry(19.5); Draymond Green(6.5); Al Horford(5.1); De'Anthony Melton(11.2); Alex Toohey(5.0),1.23,2.8,-0.3235,0.2599999999999998,觀望
2025-12-06,MIN,LAC,0.81,🟢 High (Home),9.88,-0.32,5,,Bradley Beal(3.2); Bogdan Bogdanović(6.4); Derrick Jones Jr.(8.7); Jordan Miller(6.9),1.13,3.4,-0.0847,-0.3540000000000002,HOME (Parlay) Win=81%
2025-12-06,BRK,NOP,0.6,Toss-up,1.78,-0.22,4,Noah Clowney(9.3); Haywood Highsmith(5.0); Cam Thomas(12.4),Herbert Jones(6.2); Yves Missi(6.5); Dejounte Murray(5.0); Jordan Poole(9.7); Zion Williamson(17.1),1.48,2.0,-0.1119999999999999,-0.1999999999999999,觀望
2025-12-05,CHI,IND,0.56,Toss-up,5.94,0.41,-3,Zach Collins(5.0); Ayo Dosunmu(12.0); Kevin Huerter(9.0); Tre Jones(13.1); Isaac Okoro(5.7); Jalen Smith(8.3); Dalen Terry(2.7); Coby White(17.0); Patrick Williams(5.1),Tyrese Haliburton(5.0); Quenton Jackson(10.9); Kam Jones(5.0); Aaron Nesmith(10.1); Ben Sheppard(4.9); Obi Toppin(9.2),1.4,2.2,-0.2159999999999999,-0.032,觀望
2025-12-05,OKC,DAL,0.94,🟢 High (Home),19.89,-0.01,10,Alex Caruso(5.9); Luguentz Dort(5.8); Isaiah Hartenstein(14.0); Thomas Sorber(5.0); Nikola Topić(5.0),Dante Exum(5.0); Daniel Gafford(9.3); Kyrie Irving(5.0); Dereck Lively II(5.7); P.J. Washington(11.3),,,,,無賠率
2025-12-05,TOR,CHO,0.74,🟢 High (Home),9.04,-0.48,1,Ochai Agbaji(1.8); RJ Barrett(14.7); Jakob Poeltl(11.2),LaMelo Ball(15.1); Pat Connaughton(3.8); Josh Green(5.0); Ryan Kalkbrenner(10.7); Tre Mann(4.7); Brandon Miller(10.9); Collin Sexton(11.3); Grant Williams(5.0),1.23,2.8,-0.0897999999999999,-0.272,HOME (Parlay) Win=74%
2025-12-05,DET,POR,0.64,Toss-up,8.26,-0.57,-2,Bobi Klintman(1.1); Duncan Robinson(9.5); Marcus Sasser(5.0),Donovan Clingan(11.7); Scoot Henderson(5.0); Jrue Holiday(15.2); Damian Lillard(5.0); Kris Murray(5.4); Matisse Thybulle(6.2); Blake Wesley(5.4); Robert Williams(7.3),1.23,2.8,-0.2128,0.008,觀望
2025-12-05,MEM,LAC,0.78,🟢 High (Home),3.54,0.06,-2,Brandon Clarke(5.0); Ty Jerome(5.0); Ja Morant(11.7); Scotty Pippen Jr.(5.0); Javon Small(3.2),Bradley Beal(3.2); Bogdan Bogdanović(6.4); Derrick Jones Jr.(8.7); Jordan Miller(6.9),1.82,1.62,0.4196000000000002,-0.6436,BET HOME (Solid) EV=0.42🔥
2025-12-05,ORL,MIA,0.59,Toss-up,-0.43,-0.19,0,Paolo Banchero(16.7); Moritz Wagner(5.0),Tyler Herro(18.7); Norman Powell(18.1),1.35,2.3,-0.2035,-0.057,觀望
2025-12-05,NYK,UTA,0.82,🟢 High (Home),13.35,-0.12,-1,OG Anunoby(12.8); Landry Shamet(7.1),Walker Kessler(15.7); Georges Niang(5.0); Jusuf Nurkić(8.7),,,,,無賠率
2025-12-05,ATL,DEN,0.48,Toss-up,-6.7,0.35,-3,Nikola Djurisic(5.0); Jalen Johnson(21.4); Kristaps Porziņģis(15.8); Jacob Toppin(1.3); Trae Young(13.8),Christian Braun(9.6); Aaron Gordon(14.8); Spencer Jones(3.3); Julian Strawther(1.9),2.5,1.3,0.1999999999999999,-0.3239999999999999,主EV高=0.20 (Risky)
2025-12-05,MIL,PHI,0.64,Toss-up,-2.76,-0.02,-1,Giannis Antetokounmpo(25.7); Taurean Prince(4.1),Paul George(10.8); Kelly Oubre Jr.(12.3); Trendon Watford(8.0),1.78,1.65,0.1392,-0.406,觀望
2025-12-05,BOS,LAL,0.41,Toss-up,0.94,-0.14,2,Jaylen Brown(19.6); Jayson Tatum(5.0),Luka Dončić(28.6); Marcus Smart(7.2),1.28,2.55,-0.4752,0.5045000000000002,客EV高=0.50 (Risky)
2025-12-05,HOU,PHO,0.68,🟢 High (Home),7.97,-0.16,0,Tari Eason(9.1); Dorian Finney-Smith(5.0); Fred VanVleet(5.0),Devin Booker(18.0); Jalen Green(11.2); Isaiah Livers(2.3),1.12,3.5,-0.2383999999999998,0.1199999999999998,觀望
2025-12-05,CLE,SAS,0.68,🟢 High (Home),-1.8,-0.09,-3,Jarrett Allen(13.4); Darius Garland(9.1); Sam Merrill(10.1); Larry Nance Jr.(2.5); Tyrese Proctor(3.5); Max Strus(5.0),Stephon Castle(14.7); Luke Kornet(10.0); Jordan McLaughlin(3.4); Victor Wembanyama(22.6),1.38,2.25,-0.0615999999999999,-0.2800000000000001,觀望
2025-12-04,PHI,GSW,0.42,Toss-up,-1.58,-0.19,2,Joel Embiid(14.3); Paul George(10.8); Quentin Grimes(12.4); Kelly Oubre Jr.(12.3); Trendon Watford(8.0),Jimmy Butler(19.3); Stephen Curry(19.5); Al Horford(5.2); Trayce Jackson-Davis(4.4); Jonathan Kuminga(9.2); De'Anthony Melton(5.0); Quinten Post(5.6); Alex Toohey(5.0),1.48,2.0,-0.3784,0.1600000000000001,客EV高=0.16 (Risky)
2025-12-04,NOP,MIN,0.16,🔴 High (Away),-15.55,0.62,-7,Herbert Jones(6.2); Karlo Matković(4.8); Yves Missi(6.5); Dejounte Murray(5.0); Jordan Poole(9.7); Zion Williamson(17.1),,,,,,無賠率
2025-12-04,BRK,UTA,0.53,Toss-up,-2.55,-0.13,1,Haywood Highsmith(5.0); Terance Mann(7.6); Cam Thomas(12.4),Walker Kessler(15.7); Kevin Love(5.8); Georges Niang(5.0); Jusuf Nurkić(8.7),2.1,1.43,0.1130000000000002,-0.3279000000000001,BET HOME (Value) AdjEV=0.28💎
2025-12-04,WAS,BOS,0.27,🔴 High (Away),-17.77,0.25,-3,Bilal Coulibaly(6.9); Tre Johnson(6.8); Corey Kispert(7.3); Corey Kispert(7.3); Alex Sarr(16.1),Jaylen Brown(19.6); Jayson Tatum(5.0),3.2,1.16,-0.1359999999999999,-0.1532000000000001,AWAY (Parlay) Win=73%
2025-12-04,TOR,LAL,0.41,Toss-up,0.11,-0.12,2,RJ Barrett(14.7); Jakob Poeltl(11.2),Luka Dončić(28.6); Marcus Smart(7.2),1.62,1.82,-0.3358,0.0738,觀望
2025-12-03,DAL,MIA,0.29,🔴 High (Away),-10.29,0.32,1,Dante Exum(5.0); Daniel Gafford(9.8); Kyrie Irving(5.0); Dereck Lively II(5.7); P.J. Washington(11.3),Keshad Johnson(2.9); Pelle Larsson(8.0),2.1,1.43,-0.391,0.0152999999999998,BET AWAY (Sniper) EV=0.02
2025-12-03,CLE,POR,0.72,🟢 High (Home),5.62,-0.0,4,Jarrett Allen(13.4); Lonzo Ball(5.9); Sam Merrill(10.1); Larry Nance Jr.(2.5); Max Strus(5.0),Scoot Henderson(5.0); Jrue Holiday(15.2); Damian Lillard(5.0); Matisse Thybulle(6.2); Blake Wesley(5.4),1.13,3.4,-0.1864000000000001,-0.0479999999999999,HOME (Parlay) Win=72%
2025-12-03,HOU,SAC,0.83,🟢 High (Home),22.46,-0.07,2,Steven Adams(9.3); Tari Eason(9.1); Dorian Finney-Smith(5.0); Fred VanVleet(5.0),Malik Monk(9.2); Domantas Sabonis(14.9); Dennis Schröder(9.8),,,,,無賠率
2025-12-03,MIL,DET,0.24,🔴 High (Away),-8.05,0.46,-3,Giannis Antetokounmpo(27.1); Gary Harris(3.0); Kevin Porter Jr.(18.0); Taurean Prince(4.1),Bobi Klintman(1.1); Duncan Robinson(9.5); Marcus Sasser(5.0),2.2,1.4,-0.472,0.0639999999999998,BET AWAY (Sniper) EV=0.06
2025-12-03,IND,DEN,0.32,🔴 High (Away),-18.18,-0.43,0,Johnny Furphy(1.5); Tyrese Haliburton(5.0); Quenton Jackson(10.9); Kam Jones(5.0); Aaron Nesmith(10.1); Obi Toppin(9.2),Christian Braun(9.6); Aaron Gordon(14.8); Nikola Jokić(31.1); Jamal Murray(18.7); Julian Strawther(1.9),2.8,1.23,-0.104,-0.1636,觀望
2025-12-03,ATL,LAC,0.65,🟢 High (Home),8.3,0.07,4,Kristaps Porziņģis(15.8); Jacob Toppin(1.3); Trae Young(13.8),Bradley Beal(3.2); Bogdan Bogdanović(6.4); Derrick Jones Jr.(8.7); Jordan Miller(6.9),1.46,2.05,-0.051,-0.2825000000000001,觀望
2025-12-03,ORL,SAS,0.78,🟢 High (Home),-0.23,-0.24,2,Paolo Banchero(16.7); Moritz Wagner(5.0),Stephon Castle(14.7); Jordan McLaughlin(3.4); Victor Wembanyama(22.6),1.23,2.8,-0.0405999999999999,-0.3840000000000001,HOME (Parlay) Win=78%
2025-12-03,CHI,BRK,0.73,🟢 High (Home),8.26,0.53,-5,Zach Collins(5.0); Kevin Huerter(9.0); Tre Jones(13.1); Isaac Okoro(5.7); Julian Phillips(2.3); Jalen Smith(8.3); Dalen Terry(2.4); Coby White(17.0); Patrick Williams(4.9),Haywood Highsmith(5.0); Terance Mann(7.6); Cam Thomas(12.4),1.2,2.95,-0.124,-0.2034999999999999,HOME (Parlay) Win=73%
2025-12-03,NYK,CHO,0.77,🟢 High (Home),11.78,-0.12,0,OG Anunoby(12.8); Landry Shamet(7.1),Pat Connaughton(3.8); Josh Green(5.0); Tre Mann(4.7); Brandon Miller(10.9); Grant Williams(5.0),1.16,3.2,-0.1068,-0.264,HOME (Parlay) Win=77%
2025-12-02,NOP,MIN,0.27,🔴 High (Away),-15.03,0.55,-5,Jordan Hawkins(2.8); Herbert Jones(6.2); Karlo Matković(4.8); Trey Murphy III(15.6); Dejounte Murray(5.0); Jordan Poole(9.7),,3.3,1.15,-0.1089999999999999,-0.1605000000000001,AWAY (Parlay) Win=73%
2025-12-02,TOR,POR,0.84,🟢 High (Home),8.33,-0.29,0,RJ Barrett(14.7); Jakob Poeltl(11.3),Donovan Clingan(12.1); Scoot Henderson(5.0); Jrue Holiday(15.2); Damian Lillard(5.0); Matisse Thybulle(6.2); Blake Wesley(5.4),1.36,2.28,0.1424,-0.6352,BET HOME (Solid) EV=0.14🔥
2025-12-02,SAS,MEM,0.54,Toss-up,9.69,0.02,-4,Stephon Castle(14.7); Jordan McLaughlin(3.4); Victor Wembanyama(22.6),Brandon Clarke(5.0); Ty Jerome(5.0); Jock Landale(8.9); Ja Morant(11.7); Scotty Pippen Jr.(5.0); Javon Small(3.2),1.36,2.28,-0.2655999999999999,0.0487999999999997,觀望
2025-12-02,PHI,WAS,0.52,Toss-up,14.33,0.47,-2,Andre Drummond(9.2); Joel Embiid(14.3); Paul George(11.8); Quentin Grimes(12.4); Kelly Oubre Jr.(12.3); Trendon Watford(8.0),Tre Johnson(6.8); Corey Kispert(7.3); Alex Sarr(16.1),,,,,無賠率
2025-12-02,GSW,OKC,0.33,🔴 High (Away),-14.82,0.38,-11,Jimmy Butler(20.1); Stephen Curry(19.5); Draymond Green(6.7); Al Horford(5.2); Trayce Jackson-Davis(4.4); De'Anthony Melton(5.0); Alex Toohey(5.0),Alex Caruso(5.9); Luguentz Dort(5.8); Isaiah Hartenstein(14.0); Thomas Sorber(5.0); Nikola Topić(5.0),,,,,無賠率
2025-12-02,BOS,NYK,0.64,Toss-up,-2.45,0.11,-3,Neemias Queta(11.0); Jayson Tatum(5.0); Derrick White(13.1),OG Anunoby(12.8); Landry Shamet(7.1),1.73,1.7,0.1071999999999999,-0.388,觀望
2025-12-01,DET,ATL,0.69,🟢 High (Home),3.82,0.07,-1,Jalen Duren(18.5); Bobi Klintman(1.1); Caris LeVert(7.4); Duncan Robinson(9.5); Marcus Sasser(5.0),N'Faly Dante(1.1); Nikola Djurisic(5.0); Kristaps Porziņģis(15.8); Trae Young(13.8),1.18,3.1,-0.1858,-0.0389999999999998,觀望
2025-12-01,BRK,CHO,0.46,Toss-up,-5.78,0.26,-6,Haywood Highsmith(5.0); Michael Porter Jr.(17.5); Cam Thomas(12.4),Pat Connaughton(3.8); Josh Green(5.0); Grant Williams(5.0),2.15,1.42,-0.011,-0.2331999999999999,觀望
2025-12-01,IND,CLE,0.45,Toss-up,-12.04,0.06,5,Johnny Furphy(1.5); Tyrese Haliburton(5.0); Quenton Jackson(10.9); Kam Jones(5.0); Aaron Nesmith(10.1); Obi Toppin(9.2),Jarrett Allen(13.4); Lonzo Ball(5.9); Sam Merrill(10.1); Larry Nance Jr.(2.5); Max Strus(5.0),2.4,1.32,0.08,-0.2739999999999999,觀望
2025-12-01,WAS,MIL,0.36,Toss-up,-10.16,-0.22,-2,Tre Johnson(6.8); Corey Kispert(7.3),Giannis Antetokounmpo(27.8); Taurean Prince(4.1),3.2,1.16,0.1519999999999999,-0.2576,主EV高=0.15 (Risky)
2025-12-01,MIA,LAC,0.87,🟢 High (Home),11.39,-0.11,3,Jaime Jaquez Jr.(13.8); Keshad Johnson(2.9),Bradley Beal(3.2); Bogdan Bogdanović(6.4); Derrick Jones Jr.(8.7); Jordan Miller(7.5),1.3,2.5,0.131,-0.675,BET HOME (Solid) EV=0.13🔥
2025-12-01,LAL,PHO,0.61,Toss-up,0.15,-0.16,9,LeBron James(15.2); Marcus Smart(7.2),Ryan Dunn(8.0); Jalen Green(11.2); Isaiah Livers(2.3); Mark Williams(13.5),1.33,2.35,-0.1886999999999999,-0.0834999999999999,觀望
2025-12-01,ORL,CHI,0.74,🟢 High (Home),7.8,-0.02,5,Paolo Banchero(16.7); Moritz Wagner(5.0),Zach Collins(5.0); Isaac Okoro(5.7); Julian Phillips(2.0); Jalen Smith(8.3); Dalen Terry(2.4),1.22,2.85,-0.0972,-0.2589999999999999,HOME (Parlay) Win=74%
2025-12-01,DEN,DAL,0.79,🟢 High (Home),15.18,0.18,0,Christian Braun(9.6); Aaron Gordon(14.8); Nikola Jokić(31.1); Julian Strawther(1.9),Anthony Davis(17.4); Dante Exum(5.0); Daniel Gafford(9.8); Kyrie Irving(5.0); Dereck Lively II(5.7),1.13,3.4,-0.1073,-0.2860000000000001,HOME (Parlay) Win=79%
2025-12-01,UTA,HOU,0.23,🔴 High (Away),-16.89,0.09,-4,Walker Kessler(15.7); Kevin Love(5.3); Georges Niang(5.0),Tari Eason(9.1); Dorian Finney-Smith(5.0); Fred VanVleet(5.0),3.8,1.09,-0.126,-0.1606999999999999,AWAY (Parlay) Win=77%
2025-11-30,LAL,NOP,0.88,🟢 High (Home),14.52,-0.27,8,LeBron James(15.2); Marcus Smart(7.2),Jordan Hawkins(2.8); Herbert Jones(6.2); Karlo Matković(4.8); Trey Murphy III(15.6); Dejounte Murray(5.0); Jordan Poole(9.7),,,,,無賠率
2025-11-30,MIN,SAS,0.66,🟢 High (Home),-2.18,-0.51,-1,,Stephon Castle(14.7); Jordan McLaughlin(3.4); Victor Wembanyama(22.6),1.45,2.07,-0.043,-0.2962000000000001,觀望
2025-11-30,SAC,MEM,0.43,Toss-up,-6.91,-0.07,-4,Domantas Sabonis(14.9); Dennis Schröder(9.8),Brandon Clarke(5.0); Ty Jerome(5.0); Ja Morant(11.7); Scotty Pippen Jr.(5.0); Javon Small(3.2),1.93,1.53,-0.1701,-0.1278999999999999,觀望
2025-11-30,NYK,TOR,0.66,🟢 High (Home),0.07,0.07,4,OG Anunoby(12.8); Landry Shamet(7.1),RJ Barrett(14.7),1.22,2.85,-0.1947999999999999,-0.031,觀望
2025-11-30,UTA,HOU,0.19,🔴 High (Away),-18.18,0.21,-1,Keyonte George(18.1); Walker Kessler(15.7); Kevin Love(5.3); Georges Niang(5.0),Steven Adams(8.6); Tari Eason(9.1); Dorian Finney-Smith(5.0); Fred VanVleet(5.0),3.5,1.12,-0.3349999999999999,-0.0927999999999998,PASS (Too Low Odds)
2025-11-30,CLE,BOS,0.53,Toss-up,-1.1,0.48,-1,Jarrett Allen(13.4); Lonzo Ball(5.9); Sam Merrill(10.1); Larry Nance Jr.(2.5); Craig Porter Jr.(6.9); Max Strus(5.0),Jayson Tatum(5.0),1.26,2.6,-0.3321999999999999,0.2219999999999999,觀望
2025-11-30,PHI,ATL,0.3,🔴 High (Away),-2.77,0.26,0,Andre Drummond(9.6); VJ Edgecombe(11.6); Joel Embiid(14.7); Kelly Oubre Jr.(12.3); Trendon Watford(8.0),N'Faly Dante(1.1); Nikola Djurisic(5.0); Kristaps Porziņģis(15.8); Trae Young(13.8),1.62,1.82,-0.514,0.274,客EV高=0.27 (Risky)
2025-11-30,POR,OKC,0.18,🔴 High (Away),-18.09,0.31,-12,Donovan Clingan(12.1); Scoot Henderson(5.0); Jrue Holiday(15.2); Damian Lillard(5.0); Matisse Thybulle(6.2); Blake Wesley(5.4),Isaiah Hartenstein(14.0); Thomas Sorber(5.0); Nikola Topić(5.0),,,,,無賠率
2025-11-29,PHO,DEN,0.39,Toss-up,-5.79,0.12,0,Grayson Allen(14.7); Ryan Dunn(8.0); Jalen Green(11.2); Isaiah Livers(2.3),Christian Braun(9.6); Aaron Gordon(14.8); Julian Strawther(1.9),2.1,1.43,-0.1809999999999999,-0.1277,觀望
2025-11-29,GSW,NOP,0.83,🟢 High (Home),12.26,-0.01,0,Stephen Curry(19.5); Al Horford(5.2); Jonathan Kuminga(9.9); De'Anthony Melton(5.0); Gary Payton II(3.6),Jordan Hawkins(2.8); Herbert Jones(6.2); Karlo Matković(4.8); Trey Murphy III(15.6); Dejounte Murray(5.0); Jordan Poole(9.7),1.22,2.85,0.0125999999999999,-0.5154999999999998,BET HOME (Solid) EV=0.01
2025-11-29,MIA,DET,0.49,Toss-up,-1.01,0.46,8,Jaime Jaquez Jr.(13.8); Norman Powell(17.7); Andrew Wiggins(11.8),Bobi Klintman(1.1); Marcus Sasser(5.0),1.46,2.05,-0.2846000000000001,0.0454999999999998,觀望
2025-11-29,LAC,DAL,0.69,🟢 High (Home),-0.54,0.13,0,Bradley Beal(3.2); Bogdan Bogdanović(6.4); Derrick Jones Jr.(8.7); Jordan Miller(7.5),Dante Exum(5.0); Kyrie Irving(5.0); Dereck Lively II(5.7),1.26,2.6,-0.1306,-0.1939999999999998,觀望
2025-11-29,IND,CHI,0.4,Toss-up,-8.71,0.51,3,Johnny Furphy(1.5); Tyrese Haliburton(5.0); Quenton Jackson(10.9); Kam Jones(5.0); Andrew Nembhard(12.3); Aaron Nesmith(10.1); Obi Toppin(9.2),Zach Collins(5.0); Isaac Okoro(5.7); Dalen Terry(2.4),2.1,1.43,-0.1599999999999999,-0.142,觀望
2025-11-29,MIL,BRK,0.73,🟢 High (Home),7.51,-0.26,-4,Kevin Porter Jr.(10.1); Taurean Prince(4.1),Haywood Highsmith(5.0); Michael Porter Jr.(17.5); Cam Thomas(12.4),1.12,3.5,-0.1823999999999999,-0.0549999999999999,HOME (Parlay) Win=73%
2025-11-29,CHO,TOR,0.23,🔴 High (Away),-12.17,-0.01,-8,Pat Connaughton(3.8); Josh Green(5.0); Grant Williams(5.0),RJ Barrett(14.7),2.95,1.2,-0.3214999999999999,-0.076,AWAY (Parlay) Win=77%
2025-11-29,MIN,BOS,0.59,Toss-up,0.13,-0.59,-5,,Jaylen Brown(18.5); Neemias Queta(10.4); Jayson Tatum(5.0); Derrick White(13.2),1.26,2.6,-0.2566,0.066,觀望
2025-11-28,LAL,DAL,0.86,🟢 High (Home),8.5,-0.17,7,Deandre Ayton(12.8); Marcus Smart(7.2),Anthony Davis(17.9); Dante Exum(5.0); Kyrie Irving(5.0); Dereck Lively II(5.7),1.13,3.4,-0.0282000000000001,-0.524,HOME (Parlay) Win=86%
2025-11-28,IND,WAS,0.57,Toss-up,3.67,0.35,-4,Johnny Furphy(1.5); Tyrese Haliburton(5.0); Quenton Jackson(10.9); Kam Jones(5.0); Andrew Nembhard(12.3); Aaron Nesmith(10.1); Obi Toppin(9.2),Kyshawn George(12.2); Tre Johnson(6.8); Corey Kispert(7.3),1.28,2.55,-0.2704000000000001,0.0965,觀望
2025-11-28,UTA,SAC,0.68,🟢 High (Home),4.35,-0.05,-3,Walker Kessler(15.7); Georges Niang(5.0),Domantas Sabonis(14.9); Dennis Schröder(9.8),1.6,1.85,0.088,-0.408,觀望
2025-11-28,ATL,CLE,0.57,Toss-up,-1.46,-0.34,0,Trae Young(13.8),Jarrett Allen(13.8); Sam Merrill(10.1); Craig Porter Jr.(6.9); Max Strus(5.0); Dean Wade(5.3),2.4,1.32,0.3679999999999999,-0.4323999999999999,BET HOME (Value) AdjEV=0.56💎
2025-11-28,CHO,CHI,0.61,Toss-up,-2.2,-0.58,-6,Pat Connaughton(3.8); Josh Green(5.0); Grant Williams(5.0),Zach Collins(5.0); Kevin Huerter(9.8); Isaac Okoro(5.7); Dalen Terry(2.4); Nikola Vučević(14.3); Coby White(17.4); Patrick Williams(5.7),1.88,1.56,0.1467999999999998,-0.3915999999999999,觀望
2025-11-28,BRK,PHI,0.44,Toss-up,-11.71,-0.3,0,Haywood Highsmith(5.0); Michael Porter Jr.(17.5); Ben Saraf(1.6); Cam Thomas(12.4),Adem Bona(3.1); VJ Edgecombe(11.6); Joel Embiid(14.7); Paul George(10.6); Kelly Oubre Jr.(12.3); Trendon Watford(8.0),2.6,1.26,0.1440000000000001,-0.2943999999999999,觀望
2025-11-28,OKC,PHO,0.74,🟢 High (Home),12.83,-0.17,9,Thomas Sorber(5.0); Nikola Topić(5.0); Aaron Wiggins(10.4),Grayson Allen(14.7); Ryan Dunn(8.0); Jalen Green(11.2),,,,,無賠率
2025-11-28,NYK,MIL,0.79,🟢 High (Home),8.27,-0.28,8,OG Anunoby(12.8); Landry Shamet(7.1),Giannis Antetokounmpo(27.8); Kevin Porter Jr.(10.1); Taurean Prince(4.1),1.22,2.85,-0.0362,-0.4015000000000001,HOME (Parlay) Win=79%
2025-11-28,DEN,SAS,0.73,🟢 High (Home),3.94,-0.18,0,Christian Braun(9.6); Aaron Gordon(14.8); Julian Strawther(1.9),Stephon Castle(14.7); Jordan McLaughlin(3.4); Victor Wembanyama(22.6),1.22,2.85,-0.1094,-0.2304999999999999,HOME (Parlay) Win=73%
2025-11-28,DET,ORL,0.63,Toss-up,3.7,-0.11,-2,Jaden Ivey(6.7); Bobi Klintman(1.1); Marcus Sasser(5.0),Paolo Banchero(16.7); Moritz Wagner(5.0),1.45,2.07,-0.0865,-0.2341,觀望
2025-11-28,LAC,MEM,0.59,Toss-up,-1.18,-0.05,-3,Bradley Beal(3.2); Bogdan Bogdanović(6.4); Derrick Jones Jr.(8.7); Jordan Miller(7.5),Brandon Clarke(5.0); Ty Jerome(5.0); Ja Morant(11.7); Scotty Pippen Jr.(5.0); Javon Small(3.2),1.3,2.5,-0.2329999999999999,0.0250000000000001,觀望
2025-11-26,MIA,MIL,0.75,High (Home),7.92,0.2,10,Jaime Jaquez Jr.(14.1); Nikola Jović(6.4); Norman Powell(18.5); Dru Smith(6.7); Andrew Wiggins(12.1),Giannis Antetokounmpo(27.8); Kevin Porter Jr.(10.1); Taurean Prince(4.1),1.22,2.85,-0.0849999999999999,-0.2875,HOME (Parlay) Win=75%
2025-11-26,TOR,IND,0.85,High (Home),18.72,-0.34,10,RJ Barrett(14.7),Johnny Furphy(1.5); Tyrese Haliburton(5.0); Quenton Jackson(10.9); Kam Jones(5.0); Aaron Nesmith(10.1); Obi Toppin(9.2),1.13,3.4,-0.0395,-0.49,HOME (Parlay) Win=85%
2025-11-26,OKC,MIN,0.38,Toss-up,10.43,0.67,11,Shai Gilgeous-Alexander(28.1); Thomas Sorber(5.0); Nikola Topić(5.0); Aaron Wiggins(10.4); Jalen Williams(5.0),,1.16,3.2,-0.5592,0.984,客EV高=0.98 (Risky)
2025-11-26,NOP,MEM,0.52,Toss-up,-8.6,-0.19,2,Herbert Jones(6.2); Karlo Matković(4.8); Dejounte Murray(5.0); Jordan Poole(9.7),Brandon Clarke(5.0); Zach Edey(11.1); Ty Jerome(5.0); Ja Morant(11.7); Scotty Pippen Jr.(5.0); Javon Small(3.2),1.96,1.5,0.0192000000000001,-0.28,BET HOME (Value) AdjEV=0.18💎
2025-11-26,GSW,HOU,0.5,Toss-up,-10.27,-0.22,0,Draymond Green(6.7); Al Horford(5.2); Jonathan Kuminga(9.9); De'Anthony Melton(5.0),Steven Adams(8.6); Kevin Durant(16.8); Tari Eason(9.1); Dorian Finney-Smith(5.0); Fred VanVleet(5.0),1.53,1.93,-0.235,-0.035,觀望
2025-11-26,SAC,PHO,0.45,Toss-up,-16.97,-0.12,3,Domantas Sabonis(14.9); Dennis Schröder(9.8),Grayson Allen(14.7); Ryan Dunn(8.0); Jalen Green(11.2),2.15,1.42,-0.0324999999999999,-0.2189999999999999,觀望
2025-11-26,CHO,NYK,0.3,High (Away),-8.93,-0.08,-7,Pat Connaughton(3.8); Josh Green(5.0); Grant Williams(5.0),OG Anunoby(12.8); Landry Shamet(7.1),2.85,1.22,-0.145,-0.146,觀望
2025-11-26,POR,SAS,0.36,Toss-up,-9.83,-0.0,2,Scoot Henderson(5.0); Jrue Holiday(15.2); Damian Lillard(5.0); Shaedon Sharpe(13.8); Matisse Thybulle(6.2); Blake Wesley(5.4),Stephon Castle(14.7); Dylan Harper(10.3); Jordan McLaughlin(3.4); Victor Wembanyama(22.6),1.7,1.73,-0.388,0.1071999999999999,觀望
2025-11-26,BOS,DET,0.53,Toss-up,-2.51,0.12,-12,Neemias Queta(10.4); Jayson Tatum(5.0),Bobi Klintman(1.1); Marcus Sasser(5.0),1.96,1.5,0.0387999999999999,-0.295,BET HOME (Value) AdjEV=0.20💎
2025-11-25,PHI,ORL,0.33,High (Away),-1.84,0.71,0,Adem Bona(3.1); VJ Edgecombe(11.6); Joel Embiid(14.7); Paul George(10.6); Tyrese Maxey(26.1); Kelly Oubre Jr.(12.3),Paolo Banchero(16.7); Moritz Wagner(5.0),2.25,1.38,-0.2574999999999999,-0.0754000000000001,觀望
2025-11-25,LAL,LAC,0.85,High (Home),7.74,-0.16,5,Deandre Ayton(12.8),Bradley Beal(3.2); Bogdan Bogdanović(6.4); Derrick Jones Jr.(8.7); Jordan Miller(7.5),1.22,2.85,0.0369999999999999,-0.5724999999999999,BET HOME (Solid) EV=0.04
2025-11-25,WAS,ATL,0.15,High (Away),-19.38,0.07,-16,Marvin Bagley III(7.5); Kyshawn George(12.2); Tre Johnson(6.8),Luke Kennard(6.9); Trae Young(13.8),3.4,1.13,-0.49,-0.0395,PASS (Too Low Odds)
2025-11-24,TOR,CLE,0.7,High (Home),2.49,-0.38,5,Jakob Poeltl(11.3),Jarrett Allen(13.8); Lonzo Ball(6.0); Sam Merrill(10.1); Craig Porter Jr.(6.9); Max Strus(5.0),1.85,1.6,0.2949999999999999,-0.5199999999999999,BET HOME (Strong) EV=0.29🔥
2025-11-24,IND,DET,0.17,High (Away),-18.98,0.26,-13,Johnny Furphy(1.5); Tyrese Haliburton(5.0); Quenton Jackson(10.9); Kam Jones(5.0); Aaron Nesmith(10.1); Obi Toppin(9.2),Jaden Ivey(8.3); Bobi Klintman(1.1); Caris LeVert(6.9); Marcus Sasser(5.0),3.2,1.16,-0.4559999999999999,-0.0372000000000001,BET AWAY (Lock) EV=-0.04
2025-11-24,MEM,DEN,0.37,Toss-up,-15.67,0.18,3,Brandon Clarke(5.0); Jaren Jackson Jr.(11.2); Ty Jerome(5.0); Ja Morant(11.7); Scotty Pippen Jr.(5.0); Javon Small(3.2),Christian Braun(9.6); Aaron Gordon(14.8); Julian Strawther(1.9),2.85,1.22,0.0544999999999999,-0.2314,觀望
2025-11-24,PHO,HOU,0.5,Toss-up,-6.38,-0.01,4,Grayson Allen(14.7); Ryan Dunn(8.0); Rasheer Fleming(1.2); Jalen Green(11.2),Kevin Durant(16.8); Tari Eason(9.1); Dorian Finney-Smith(5.0); Fred VanVleet(5.0),2.5,1.3,0.25,-0.35,PASS (Noise Zone)
2025-11-24,NOP,CHI,0.61,Toss-up,-10.2,-0.07,-10,Herbert Jones(6.2); Kevon Looney(2.9); Karlo Matković(4.8); Dejounte Murray(5.0); Jordan Poole(9.7),Zach Collins(5.0); Trentyn Flowers(5.0); Kevin Huerter(9.8); Isaac Okoro(5.7); Dalen Terry(2.4); Patrick Williams(6.0),2.4,1.32,0.4639999999999999,-0.4851999999999999,主EV高=0.46 (Risky)
2025-11-24,MIL,POR,0.53,Toss-up,-0.55,-0.18,-3,Giannis Antetokounmpo(27.8); Kevin Porter Jr.(10.1); Taurean Prince(4.1),Scoot Henderson(5.0); Jrue Holiday(15.2); Damian Lillard(5.0); Shaedon Sharpe(13.8); Matisse Thybulle(6.2); Blake Wesley(5.4); Robert Williams(6.0),1.62,1.82,-0.1413999999999998,-0.1446,PASS (Noise Zone)
2025-11-24,SAC,MIN,0.23,High (Away),-18.68,0.16,2,Domantas Sabonis(14.9),Terrence Shannon Jr.(2.2),3.2,1.16,-0.2639999999999999,-0.1068,觀望
2025-11-24,GSW,UTA,0.84,High (Home),7.09,-0.07,0,Jonathan Kuminga(9.9); De'Anthony Melton(5.0),Walker Kessler(15.7); Georges Niang(5.0),,,,,無賠率
2025-11-24,BRK,NYK,0.12,High (Away),-16.21,-0.01,0,Haywood Highsmith(5.0); Ben Saraf(1.6); Cam Thomas(12.4),OG Anunoby(12.8); Landry Shamet(7.1),,,,,無賠率
2025-11-24,MIA,DAL,0.82,High (Home),10.95,-0.25,5,Tyler Herro(5.0); Nikola Jović(6.4); Andrew Wiggins(12.1),Anthony Davis(17.9); Dante Exum(5.0); Kyrie Irving(5.0); Dereck Lively II(5.7); Ryan Nembhard(1.5); Brandon Williams(8.3),1.22,2.85,0.0003999999999999,-0.4869999999999999,PASS (Overconf. Risk)
