Player_ID,Player_Name,Year_Min,Year_Max
abrinal01,Álex Abrines,2017,2019
achiupr01,Precious Achiuwa,2021,2026
acyqu01,Quincy Acy,2013,2019
adamsja01,Jaylen Adams,2019,2021
adamsjo01,Jordan Adams,2015,2016
adamsst01,Steven Adams,2014,2026
adebaba01,Bam Adebayo,2018,2026
adelde01,Deng Adel,2019,2019
afflaar01,Arron Afflalo,2008,2018
agbajoc01,Ochai Agbaji,2023,2026
ajincal01,Alexis Ajinça,2009,2017
akoonde01,DeVaughn Akoon-Purcell,2019,2019
aldamsa01,Santi Aldama,2022,2026
aldrico01,Cole Aldrich,2011,2018
aldrila01,LaMarcus Aldridge,2007,2022
alexacl01,Cliff Alexander,2016,2016
alexaky01,Kyle Alexander,2020,2020
alexatr01,Trey Alexander,2025,2025
alexaty01,Ty-Shon Alexander,2021,2021
alexani01,Nickeil Alexander-Walker,2020,2026
alkinra01,Rawle Alkins,2019,2019
allengr01,Grayson Allen,2019,2026
allenja01,Jarrett Allen,2018,2026
allenka01,Kadeem Allen,2018,2020
allenla01,Lavoy Allen,2012,2017
allenti01,Timmy Allen,2024,2024
allento01,Tony Allen,2005,2018
alvarjo01,Jose Alvarado,2022,2026
aminual01,Al-Farouq Aminu,2011,2021
amundlo01,Lou Amundson,2007,2016
anderch01,Chris Andersen,2002,2017
anderal01,Alan Anderson,2006,2017
anderja01,James Anderson,2011,2016
anderju01,Justin Anderson,2016,2022
anderky01,Kyle Anderson,2015,2026
anderry01,Ryan Anderson,2009,2020
anigbik01,Ike Anigbogu,2018,2019
antetgi01,Giannis Antetokounmpo,2014,2026
antetko01,Kostas Antetokounmpo,2019,2021
antetth01,Thanasis Antetokounmpo,2016,2026
anthoca01,Carmelo Anthony,2004,2022
anthoco01,Cole Anthony,2021,2026
anthojo01,Joel Anthony,2008,2017
anunoog01,OG Anunoby,2018,2026
applike01,Keith Appling,2016,2016
arcidry01,Ryan Arcidiacono,2018,2024
arizatr01,Trevor Ariza,2005,2022
arthuda01,Darrell Arthur,2009,2018
artisja01,Jamel Artis,2018,2018
asikom01,Ömer Aşık,2011,2018
augusdj01,D.J. Augustin,2009,2022
avdijde01,Deni Avdija,2021,2026
ayayijo01,Joel Ayayi,2022,2022
pendeje02,Jeff Ayres,2010,2016
aytonde01,Deandre Ayton,2019,2026
azubuud01,Udoka Azubuike,2021,2024
babbilu01,Luke Babbitt,2011,2018
bacondw01,Dwayne Bacon,2018,2021
badjiib01,Ibou Badji,2024,2024
baglema02,Marcus Bagley,2025,2025
baglema01,Marvin Bagley III,2019,2026
baileac01,Ace Bailey,2026,2026
baileam01,Amari Bailey,2024,2024
bairsca01,Cameron Bairstow,2015,2016
bakerro01,Ron Baker,2017,2019
baldwpa01,Patrick Baldwin Jr.,2023,2025
baldwwa01,Wade Baldwin,2017,2019
ballla01,LaMelo Ball,2021,2026
balllo01,Lonzo Ball,2018,2026
bambamo01,Mo Bamba,2019,2025
banchpa01,Paolo Banchero,2023,2026
banede01,Desmond Bane,2021,2026
bantoda01,Dalano Banton,2022,2025
barbeca01,Cat Barber,2022,2022
barbole01,Leandro Barbosa,2004,2017
bareajo01,J.J. Barea,2007,2020
bargnan01,Andrea Bargnani,2007,2016
barlodo01,Dominick Barlow,2023,2026
barneha02,Harrison Barnes,2013,2026
barnema02,Matt Barnes,2004,2017
barnesc01,Scottie Barnes,2022,2026
barnhbr01,Brooks Barnhizer,2026,2026
barrerj01,RJ Barrett,2020,2026
bartowi01,Will Barton,2013,2023
bassbr01,Brandon Bass,2006,2017
basspa01,Paris Bass,2022,2022
bassech01,Charles Bassey,2022,2026
batesem01,Emoni Bates,2024,2025
bateske01,Keita Bates-Diop,2019,2024
battlja01,Jamison Battle,2025,2026
batumni01,Nicolas Batum,2009,2026
baughda01,Damion Baugh,2025,2025
bayleje01,Jerryd Bayless,2009,2019
baynear01,Aron Baynes,2013,2021
bazemke01,Kent Bazemore,2013,2022
bazleda01,Darius Bazley,2020,2024
bealbr01,Bradley Beal,2013,2026
beaslma01,Malik Beasley,2017,2025
beaslmi01,Michael Beasley,2009,2019
beaucma01,MarJon Beauchamp,2023,2025
beekmre01,Reece Beekman,2025,2025
belinma01,Marco Belinelli,2008,2020
belljo01,Jordan Bell,2018,2022
bembrde01,DeAndre' Bembry,2017,2022
bendedr01,Dragan Bender,2017,2020
bennean01,Anthony Bennett,2014,2017
bentibe01,Ben Bentil,2017,2017
berinjo01,Joan Beringer,2026,2026
bernaju01,Jules Bernard,2024,2024
bertada02,Dairis Bertāns,2019,2019
bertada01,Dāvis Bertāns,2017,2024
beverpa01,Patrick Beverley,2013,2024
beysa01,Saddiq Bey,2021,2026
beyty01,Tyler Bey,2021,2021
birchkh01,Khem Birch,2018,2023
birdja01,Jabari Bird,2018,2018
bitadgo01,Goga Bitadze,2020,2026
bitimon01,Onuralp Bitim,2024,2024
biyombi01,Bismack Biyombo,2012,2026
bjeline01,Nemanja Bjelica,2016,2022
blackan01,Anthony Black,2024,2026
blackle01,Leaky Black,2024,2024
blackta01,Tarik Black,2015,2018
blairde01,DeJuan Blair,2010,2016
blakest01,Steve Blake,2004,2016
blakean01,Antonio Blakeney,2018,2019
bledser01,Eric Bledsoe,2011,2022
blevike01,Keljin Blevins,2021,2022
blossja01,Jaron Blossomgame,2019,2019
blueva01,Vander Blue,2014,2018
boehebu01,Buddy Boeheim,2023,2024
bogdabo01,Bogdan Bogdanović,2018,2026
bogdabo02,Bojan Bogdanović,2015,2024
bogutan01,Andrew Bogut,2006,2019
bolbo01,Bol Bol,2020,2025
boldejo01,Jonah Bolden,2019,2020
boldema01,Marques Bolden,2020,2024
bolmale01,Leandro Bolmaro,2022,2023
bolomjo01,Joel Bolomboy,2017,2018
bonaad01,Adem Bona,2025,2026
bonejo01,Jordan Bone,2020,2021
bongais01,Isaac Bonga,2019,2022
bonnema01,Matt Bonner,2005,2016
bookede01,Devin Booker,2016,2026
booketr01,Trevor Booker,2011,2018
boshch01,Chris Bosh,2004,2016
bostobr01,Brandon Boston Jr.,2022,2025
bouchch01,Chris Boucher,2018,2026
bouknja01,James Bouknight,2022,2024
bouyeja01,Jamaree Bouyea,2023,2025
bowenbr02,Brian Bowen,2020,2021
bowmaky01,Ky Bowman,2020,2020
bradlav01,Avery Bradley,2011,2022
bradlto01,Tony Bradley,2018,2026
brandel01,Elton Brand,2000,2016
branhma01,Malaki Branham,2023,2026
brantja01,Jarrell Brantley,2020,2023
braunch01,Christian Braun,2023,2026
brazdig01,Ignas Brazdeikis,2020,2022
breako01,Koby Brea,2026,2026
breweco01,Corey Brewer,2008,2020
bridgja01,Jalen Bridges,2025,2025
bridgmi01,Mikal Bridges,2019,2026
bridgmi02,Miles Bridges,2019,2026
brimaam01,Amida Brimah,2021,2021
briscis01,Isaiah Briscoe,2019,2019
brissos01,Oshae Brissett,2020,2025
brockiz01,Izaiah Brockington,2024,2024
broekry01,Ryan Broekhoff,2019,2020
brogdma01,Malcolm Brogdon,2017,2025
brookaa01,Aaron Brooks,2008,2018
brookar01,Armoni Brooks,2021,2024
brookdi01,Dillon Brooks,2018,2026
brookke02,Keion Brooks Jr.,2025,2025
brookma01,MarShon Brooks,2012,2019
broomjo01,Johni Broome,2026,2026
brownan02,Anthony Brown,2016,2018
brownbo02,Bobby Brown,2009,2018
brownbr01,Bruce Brown,2019,2026
brownch02,Charlie Brown Jr.,2020,2024
brownch05,Chaundee Brown Jr.,2022,2022
browngr01,Greg Brown III,2022,2024
brownja02,Jaylen Brown,2017,2026
brownke03,Kendall Brown,2023,2024
brownko01,Kobe Brown,2024,2026
brownlo01,Lorenzo Brown,2014,2019
brownma02,Markel Brown,2015,2018
brownmo01,Moses Brown,2020,2025
brownst02,Sterling Brown,2018,2023
browntr01,Troy Brown Jr.,2019,2024
brunsja01,Jalen Brunson,2019,2026
brussni01,Nicolás Brussino,2017,2018
bryanca01,Carter Bryant,2026,2026
bryanel01,Elijah Bryant,2021,2021
bryanko01,Kobe Bryant,1997,2016
bryanth01,Thomas Bryant,2018,2026
buchash01,Shaq Buchanan,2022,2022
budinch01,Chase Budinger,2010,2016
bufkiko01,Kobe Bufkin,2024,2025
bullore01,Reggie Bullock,2014,2024
burketr01,Trey Burke,2014,2022
burksal01,Alec Burks,2012,2025
burtode02,Deonte Burton,2019,2023
butleca01,Caron Butler,2003,2016
butleja02,Jared Butler,2022,2025
butleji01,Jimmy Butler,2012,2026
butlejo01,John Butler,2023,2023
butlera01,Rasual Butler,2003,2016
buyckdw01,Dwight Buycks,2014,2018
buzelma01,Matas Buzelis,2025,2026
cabocbr01,Bruno Caboclo,2015,2021
cacokde01,Devontae Cacok,2020,2022
cainja01,Jamal Cain,2023,2025
caldejo01,José Calderón,2006,2019
caldwke01,Kentavious Caldwell-Pope,2014,2026
camarto01,Toumani Camara,2024,2026
campafa01,Facundo Campazzo,2021,2023
canaais01,Isaiah Canaan,2014,2019
cancavl01,Vlatko Čančar,2020,2025
cannade01,Devin Cannady,2021,2022
capelca01,Clint Capela,2015,2026
cardwdy01,Dylan Cardwell,2026,2026
careyve01,Vernon Carey Jr.,2021,2023
carlsbr01,Branden Carlson,2025,2026
carrica01,Bub Carrington,2025,2026
carrode01,DeMarre Carroll,2010,2020
cartede02,Devin Carter,2025,2026
carteje01,Jevon Carter,2019,2026
cartevi01,Vince Carter,1999,2020
cartewe01,Wendell Carter Jr.,2019,2026
cartemi01,Michael Carter-Williams,2014,2023
cartodj01,D.J. Carton,2024,2025
carusal01,Alex Caruso,2018,2026
casspom01,Omri Casspi,2010,2019
castlst01,Stephon Castle,2025,2026
castlco01,Colin Castleton,2024,2025
caulewi01,Willie Cauley-Stein,2016,2022
caupatr01,Troy Caupain,2019,2019
cavanty01,Tyler Cavanaugh,2018,2019
caverah01,Ahmad Caver,2022,2022
cazalma01,Malcolm Cazalon,2024,2024
chalmma01,Mario Chalmers,2009,2018
champju02,Julian Champagnie,2023,2026
champju01,Justin Champagnie,2022,2026
chandke01,Kennedy Chandler,2023,2023
chandty01,Tyson Chandler,2002,2020
chandwi01,Wilson Chandler,2008,2020
chealjo01,Joe Chealey,2019,2020
cheatzy01,Zylan Cheatham,2020,2022
chiozch01,Chris Chiozza,2019,2022
chomcul01,Ulrich Chomche,2025,2025
chrisma01,Marquese Chriss,2017,2022
chrisca02,Cam Christie,2025,2026
chrisma02,Max Christie,2023,2026
chrisra01,Rakeem Christmas,2016,2017
chrisse01,Semaj Christon,2017,2017
chrisjo01,Josh Christopher,2022,2025
cissemo01,Moussa Cisse,2026,2026
cissosi01,Sidy Cissoko,2024,2026
clarkga01,Gary Clark,2019,2022
clarkia01,Ian Clark,2014,2019
clarkja02,Jaylen Clark,2025,2026
clarkbr01,Brandon Clarke,2020,2025
clarkco01,Coty Clarke,2016,2016
clarkjo01,Jordan Clarkson,2015,2026
clavegi01,Gian Clavell,2018,2018
claxtni01,Nic Claxton,2020,2026
claytwa01,Walter Clayton,2026,2026
clemoch01,Chris Clemons,2020,2020
clevean01,Antonius Cleveland,2018,2020
cliffni01,Nique Clifford,2026,2026
clingdo01,Donovan Clingan,2025,2026
clownno01,Noah Clowney,2024,2026
coffeam01,Amir Coffey,2020,2026
coleno01,Norris Cole,2012,2017
colliis01,Isaiah Collier,2025,2026
collijo01,John Collins,2018,2026
colliyu01,Yuri Collins,2025,2025
colliza01,Zach Collins,2018,2025
colliky01,Kyle Collinsworth,2018,2018
collida01,Darren Collison,2010,2022
collini01,Nick Collison,2005,2018
colsobo01,Bonzie Colson,2019,2019
comanch01,Chance Comanche,2023,2023
conlemi01,Mike Conley,2008,2026
connapa01,Pat Connaughton,2016,2026
cookqu01,Quinn Cook,2017,2021
cookty01,Tyler Cook,2020,2022
cookech01,Charles Cooke,2018,2018
cooksxa01,Xavier Cooks,2023,2023
cooleja01,Jack Cooley,2015,2018
coopesh01,Sharife Cooper,2022,2026
copelch01,Chris Copeland,2013,2016
cornepe01,Petr Cornelie,2022,2022
costema01,Matt Costello,2018,2018
cottobr01,Bryce Cotton,2015,2016
coulibi01,Bilal Coulibaly,2024,2026
councri01,Ricky Council IV,2024,2025
couside01,DeMarcus Cousins,2011,2022
covinro01,Robert Covington,2014,2024
cowarce01,Cedric Coward,2026,2026
crabbal01,Allen Crabbe,2014,2020
craigto01,Torrey Craig,2018,2025
crawfis01,Isaiah Crawford,2025,2025
crawfja01,Jamal Crawford,2001,2020
crawfjo02,Jordan Crawford,2011,2018
creekmi01,Mitch Creek,2019,2019
crowdja01,Jae Crowder,2013,2025
crutcja01,Jalen Crutcher,2024,2024
cuiyo01,Cui Yongxi,2025,2025
culveja01,Jarrett Culver,2020,2023
cumbeja01,Jarron Cumberland,2022,2022
cunnica01,Cade Cunningham,2022,2026
cunnida01,Dante Cunningham,2010,2019
cunnija01,Jared Cunningham,2013,2016
curryse01,Seth Curry,2014,2025
curryst01,Stephen Curry,2010,2026
dasiltr01,Tristan Da Silva,2025,2026
dadiepa01,Pacome Dadiet,2025,2026
daniedy01,Dyson Daniels,2023,2026
danietr01,Troy Daniels,2014,2020
nfalyda01,N'Faly Dante,2025,2026
darlina01,Nate Darling,2021,2021
davisan02,Anthony Davis,2013,2026
davisde01,Deyonta Davis,2017,2019
davised01,Ed Davis,2011,2022
davisjo06,Johnny Davis,2023,2025
daviste02,Terence Davis,2020,2025
davisty01,Tyler Davis,2019,2019
davisjd01,JD Davison,2023,2026
dawsobr01,Branden Dawson,2016,2016
daysda01,Darius Days,2023,2023
delauja01,Javin DeLaurier,2022,2022
derozde01,DeMar DeRozan,2010,2026
deckga01,Gabriel Deck,2021,2022
dedmode01,Dewayne Dedmon,2014,2023
dejeabr01,Bryce Dejean-Jones,2016,2016
dekkesa01,Sam Dekker,2016,2022
delanma01,Malcolm Delaney,2017,2018
delgaan01,Ángel Delgado,2019,2019
dellama01,Matthew Dellavedova,2014,2023
demineg01,Egor Demin,2026,2026
denglu01,Luol Deng,2005,2019
dennide01,Dexter Dennis,2024,2024
dennira01,RayJ Dennis,2025,2026
derrima01,Marcus Derrickson,2019,2019
divindo01,Donte DiVincenzo,2019,2026
diabamo01,Moussa Diabaté,2023,2026
diakima01,Mamadi Diakite,2021,2024
diallch01,Cheick Diallo,2017,2022
diallha01,Hamidou Diallo,2019,2024
diawbo01,Boris Diaw,2004,2017
diawamo01,Mohamed Diawara,2026,2026
dickgr01,Gradey Dick,2024,2026
dickihu01,Hunter Dickinson,2026,2026
dienggo01,Gorgui Dieng,2014,2023
diengou01,Ousmane Dieng,2023,2026
dilliro01,Rob Dillingham,2025,2026
dinwisp01,Spencer Dinwiddie,2015,2025
doncilu01,Luka Dončić,2019,2026
dorsety01,Tyler Dorsey,2018,2023
dortlu01,Luguentz Dort,2020,2026
dosunay01,Ayo Dosunmu,2022,2026
dotsoda01,Damyean Dotson,2018,2022
dotsode01,Devon Dotson,2021,2023
douglto01,Toney Douglas,2010,2017
doumbse01,Sekou Doumbouya,2020,2022
dowtije01,Jeff Dowtin Jr.,2022,2025
doylemi01,Milton Doyle,2018,2018
doziepj01,PJ Dozier,2018,2025
dragigo01,Goran Dragić,2009,2023
drellhe01,Henri Drell,2024,2024
drewla02,Larry Drew II,2015,2018
drumman01,Andre Drummond,2013,2026
duartch01,Chris Duarte,2022,2025
ducasal01,Alex Ducas,2025,2025
dudleja01,Jared Dudley,2008,2021
dukandu01,Duje Dukan,2016,2016
dukeda01,David Duke Jr.,2022,2025
duncati01,Tim Duncan,1998,2016
dunlemi02,Mike Dunleavy,2003,2017
dunnkr01,Kris Dunn,2017,2026
dunnry01,Ryan Dunn,2025,2026
duranke01,Kevin Durant,2008,2026
durenja01,Jalen Duren,2023,2026
duvaltr01,Trevon Duval,2019,2019
earlycl01,Cleanthony Early,2015,2016
easonta01,Tari Eason,2023,2026
echenja01,Jaime Echenique,2022,2022
eddieja01,Jarell Eddie,2016,2018
edeyza01,Zach Edey,2025,2025
edgecvj01,VJ Edgecombe,2026,2026
edwaran01,Anthony Edwards,2021,2026
edwarca01,Carsen Edwards,2020,2022
edwarje01,Jesse Edwards,2025,2025
edwarju01,Justin Edwards,2025,2026
edwarke02,Kessler Edwards,2022,2025
edwarro01,Rob Edwards,2022,2022
edwarvi01,Vince Edwards,2019,2019
ellebcj01,CJ Elleby,2021,2022
ellenhe01,Henry Ellenson,2017,2021
ellinwa01,Wayne Ellington,2010,2022
elliske01,Keon Ellis,2023,2026
ellismo01,Monta Ellis,2006,2017
embiijo01,Joel Embiid,2017,2026
ennisja01,James Ennis III,2015,2022
ennisty01,Tyler Ennis,2015,2018
etienty01,Tyson Etienne,2025,2026
eubandr01,Drew Eubanks,2019,2026
evansja02,Jacob Evans,2019,2020
evansja01,Jawun Evans,2018,2019
evansje01,Jeremy Evans,2011,2018
evansty01,Tyreke Evans,2010,2019
evbuoto01,Tosan Evbuomwan,2024,2025
exumda01,Dante Exum,2015,2025
ezelife01,Festus Ezeli,2013,2016
fallta01,Tacko Fall,2020,2022
farieke01,Kenneth Faried,2012,2019
farmajo01,Jordan Farmar,2007,2017
favorde01,Derrick Favors,2011,2022
fearsje01,Jeremiah Fears,2026,2026
feldeka01,Kay Felder,2017,2018
feliccr01,Cristiano Felício,2016,2021
feltora01,Raymond Felton,2006,2019
fergute01,Terrance Ferguson,2018,2021
fernabr01,Bruno Fernando,2020,2025
ferreyo01,Yogi Ferrell,2017,2021
filipky01,Kyle Filipowski,2025,2026
finnedo01,Dorian Finney-Smith,2017,2025
fittsma01,Malik Fitts,2021,2022
flaggco01,Cooper Flagg,2026,2026
flaglad01,Adam Flagler,2024,2025
flemira01,Rasheer Fleming,2026,2026
flowetr01,Trentyn Flowers,2025,2025
flynnma01,Malachi Flynn,2021,2025
fontesi01,Simone Fontecchio,2023,2026
forbebr01,Bryn Forbes,2017,2023
fordal03,Aleem Ford,2022,2022
fordjo01,Jordan Ford,2024,2024
forretr01,Trent Forrest,2021,2024
fostemi02,Michael Foster Jr.,2023,2023
fournev01,Evan Fournier,2013,2024
foxde01,De'Aaron Fox,2018,2026
foyera01,Randy Foye,2007,2017
frankro01,Robert Franks,2021,2021
frazime01,Melvin Frazier,2019,2022
frazimi01,Michael Frazier,2020,2020
fraziti01,Tim Frazier,2015,2022
fredeji01,Jimmer Fredette,2012,2019
kanteen01,Enes Freedom,2012,2022
freemen01,Enrique Freeman,2025,2025
freemja01,Javon Freeman-Liberty,2024,2024
fryech01,Channing Frye,2006,2019
fudgeal01,Alex Fudge,2024,2024
fultzma01,Markelle Fultz,2018,2025
funkan01,Andrew Funk,2024,2024
furphjo01,Johnny Furphy,2025,2026
gabriwe01,Wenyen Gabriel,2020,2024
gaffoda01,Daniel Gafford,2020,2026
gallida01,Danilo Gallinari,2009,2024
gallola01,Langston Galloway,2015,2022
gardnmy01,Myron Gardner,2026,2026
garinpa01,Patricio Garino,2017,2017
garlada01,Darius Garland,2020,2026
garneke01,Kevin Garnett,1996,2016
garrebi01,Billy Garrett,2019,2019
garrema01,Marcus Garrett,2022,2025
garubus01,Usman Garuba,2022,2024
garzalu01,Luka Garza,2022,2026
gasolma01,Marc Gasol,2009,2021
gasolpa01,Pau Gasol,2002,2019
gateska01,Kaiser Gates,2024,2024
gayru01,Rudy Gay,2007,2023
gbinimi01,Michael Gbinije,2017,2017
geeal01,Alonzo Gee,2010,2017
georgke01,Keyonte George,2024,2026
georgky01,Kyshawn George,2025,2026
georgpa01,Paul George,2011,2025
georgma01,Marcus Georges-Hunt,2017,2018
gibsojo01,Jonathan Gibson,2017,2018
gibsota01,Taj Gibson,2010,2025
giddejo01,Josh Giddey,2022,2026
gilesha01,Harry Giles,2019,2024
gilgesh01,Shai Gilgeous-Alexander,2019,2026
gillan01,Anthony Gill,2021,2026
gilleco01,Collin Gillespie,2024,2026
gillefr01,Freddie Gillespie,2021,2022
gilyaja01,Jacob Gilyard,2023,2024
ginobma01,Manu Ginóbili,2003,2018
goberru01,Rudy Gobert,2014,2026
gonzahu01,Hugo González,2026,2026
goodedr01,Drew Gooden,2003,2016
goodwar01,Archie Goodwin,2014,2017
goodwbr01,Brandon Goodwin,2019,2022
goodwjo01,Jordan Goodwin,2022,2026
gordoaa01,Aaron Gordon,2015,2026
gordoer01,Eric Gordon,2009,2026
gortama01,Marcin Gortat,2008,2019
gortmja01,Jazian Gortman,2025,2025
goudean01,Andrew Goudelock,2012,2016
grahade01,Devonte' Graham,2019,2024
grahatr01,Treveon Graham,2017,2020
grantje01,Jerami Grant,2015,2026
grantje02,Jerian Grant,2016,2020
grantdo01,Donte Grantham,2019,2019
graveha01,Hassani Gravett,2022,2022
grayjo01,Josh Gray,2018,2020
grayra01,RaiQuan Gray,2023,2024
greenaj01,A.J. Green,2023,2026
greenda02,Danny Green,2010,2024
greendr01,Draymond Green,2013,2026
greener01,Erick Green,2015,2016
greenge01,Gerald Green,2006,2019
greenja05,Jalen Green,2022,2026
greenja01,JaMychal Green,2015,2023
greenja02,Javonte Green,2020,2026
greenje02,Jeff Green,2008,2026
greenjo02,Josh Green,2021,2025
griffaj01,AJ Griffin,2023,2024
griffbl01,Blake Griffin,2011,2023
grimequ01,Quentin Grimes,2022,2026
gudurma01,Marko Gudurić,2020,2020
gueyemo01,Mouhamadou Gueye,2024,2024
gueyemo02,Mouhamed Gueye,2024,2026
gutiejo01,Jorge Gutiérrez,2014,2016
guyky01,Kyle Guy,2020,2022
hachiru01,Rui Hachimura,2020,2026
haganas01,Ashton Hagans,2021,2024
hairspj02,P.J. Hairston,2015,2016
halibty01,Tyrese Haliburton,2021,2025
hallde01,Devon Hall,2020,2020
halldo01,Donta Hall,2020,2021
halljo02,Jordan Hall,2023,2023
halljo01,Josh Hall,2021,2021
hallpj01,PJ Hall,2025,2026
hallty01,Tyler Hall,2022,2022
hamilda02,Daniel Hamilton,2018,2019
hamiljo02,Jordan Hamilton,2012,2016
hamilju01,Justin Hamilton,2014,2017
hammoaj01,A.J. Hammons,2017,2017
hamptrj01,R.J. Hampton,2021,2024
hannadu01,Dusty Hannahs,2019,2020
hansbty01,Tyler Hansbrough,2010,2016
yangha01,Yang Hansen,2026,2026
hardati02,Tim Hardaway Jr.,2014,2026
hardeja01,James Harden,2010,2026
hardyja02,Jaden Hardy,2023,2026
harklej01,Elijah Harkless,2025,2026
harklma01,Maurice Harkless,2013,2022
harpedy01,Dylan Harper,2026,2026
harpeja01,Jared Harper,2020,2022
harpeju01,Justin Harper,2012,2017
harpero02,Ron Harper Jr.,2023,2026
harremo01,Montrezl Harrell,2016,2023
harride01,Devin Harris,2005,2019
harriga01,Gary Harris,2015,2026
harrija01,Jalen Harris,2021,2021
harrijo01,Joe Harris,2015,2024
harrike01,Kevon Harris,2023,2024
harrima01,Manny Harris,2011,2017
harrito02,Tobias Harris,2012,2026
harriaa01,Aaron Harrison,2016,2018
harrian01,Andrew Harrison,2017,2019
harrish01,Shaquille Harrison,2018,2024
hartjo01,Josh Hart,2018,2026
harteis01,Isaiah Hartenstein,2019,2026
hasleud01,Udonis Haslem,2004,2023
hausesa01,Sam Hauser,2022,2026
hawessp01,Spencer Hawes,2008,2017
hawkijo01,Jordan Hawkins,2024,2026
hayesch01,Chuck Hayes,2006,2016
hayesja02,Jaxson Hayes,2020,2026
hayeski01,Killian Hayes,2021,2025
hayesni01,Nigel Hayes-Davis,2018,2026
haywago01,Gordon Hayward,2011,2024
hearnre01,Reggie Hearn,2018,2018
hendege02,Gerald Henderson,2010,2017
hendesc01,Scoot Henderson,2024,2025
hendrta01,Taylor Hendricks,2024,2026
henryaa01,Aaron Henry,2022,2022
henrymy01,Myke Henry,2018,2018
hensojo01,John Henson,2013,2020
hernade01,Dewan Hernandez,2020,2020
hernaju01,Juancho Hernangómez,2017,2023
hernawi01,Willy Hernangómez,2017,2023
herroty01,Tyler Herro,2020,2025
herveke01,Kevin Hervey,2020,2020
hezonma01,Mario Hezonja,2016,2020
hibbero01,Roy Hibbert,2009,2017
hicksis01,Isaiah Hicks,2018,2019
hicksjj01,J.J. Hickson,2009,2016
hieldbu01,Buddy Hield,2017,2026
highsha01,Haywood Highsmith,2019,2025
hilarne01,Nenê,2003,2019
hillge01,George Hill,2009,2023
hilljo01,Jordan Hill,2010,2017
hillma01,Malcolm Hill,2022,2023
hillso01,Solomon Hill,2014,2022
hillida01,Darrun Hilliard,2016,2018
hinriki01,Kirk Hinrich,2004,2016
hintona01,Nate Hinton,2021,2024
hoardja01,Jaylen Hoard,2020,2022
hodgedm01,D'Moi Hodge,2024,2024
holidaa01,Aaron Holiday,2019,2026
holidjr01,Jrue Holiday,2010,2026
holidju01,Justin Holiday,2013,2024
hollajo02,John Holland,2018,2019
hollaro01,Ron Holland,2025,2026
holliry01,Ryan Hollins,2007,2016
holliro01,Rondae Hollis-Jefferson,2016,2021
holmeda01,DaRon Holmes,2026,2026
holmeri01,Richaun Holmes,2016,2025
holmgch01,Chet Holmgren,2024,2026
hoodro01,Rodney Hood,2015,2022
hoodsja01,Jalen Hood-Schifino,2024,2025
hopsosc01,Scotty Hopson,2014,2022
horfoal01,Al Horford,2008,2026
hortota01,Talen Horton-Tucker,2020,2025
houseda01,Danuel House Jr.,2017,2024
houstca01,Caleb Houstan,2023,2026
howardw01,Dwight Howard,2005,2022
howarje01,Jett Howard,2024,2026
howarma02,Markus Howard,2021,2022
howarwi01,William Howard,2020,2020
hudgitr01,Trevor Hudgins,2023,2023
huertma01,Marcelo Huertas,2016,2017
huertke01,Kevin Huerter,2019,2026
huestjo01,Josh Huestis,2016,2018
huffja01,Jay Huff,2022,2026
hugheel01,Elijah Hughes,2021,2022
hukpoar01,Ariel Hukporti,2025,2026
humphis01,Isaac Humphries,2019,2019
humphkr01,Kris Humphries,2005,2017
huntfe01,Feron Hunt,2022,2022
huntede01,De'Andre Hunter,2020,2026
hunterj01,R.J. Hunter,2016,2019
huntevi01,Vince Hunter,2018,2018
hurtma01,Matthew Hurt,2024,2024
hutchch01,Chandler Hutchison,2019,2022
hylanbo01,Bones Hyland,2022,2026
ibakase01,Serge Ibaka,2010,2023
ighodos01,Oso Ighodaro,2025,2026
iguodan01,Andre Iguodala,2005,2023
ilyaser01,Ersan İlyasova,2007,2021
inglejo01,Joe Ingles,2015,2026
inglida01,Damien Inglis,2016,2016
ingraan01,Andre Ingram,2018,2019
ingrabr01,Brandon Ingram,2017,2026
ingraha01,Harrison Ingram,2025,2026
irvinky01,Kyrie Irving,2012,2025
isaacjo01,Jonathan Isaac,2018,2026
iveyja01,Jaden Ivey,2023,2025
iwundwe01,Wes Iwundu,2018,2022
jackja01,Jarrett Jack,2006,2018
jacksaa01,Aaron Jackson,2018,2018
jacksan01,Andre Jackson Jr.,2024,2026
jacksde01,Demetrius Jackson,2017,2019
jacksfr01,Frank Jackson,2019,2023
jacksgg01,GG Jackson II,2024,2026
jacksis01,Isaiah Jackson,2022,2026
jacksja02,Jaren Jackson Jr.,2019,2026
jacksjo02,Josh Jackson,2018,2022
jacksju01,Justin Jackson,2018,2024
jackspi01,Pierre Jackson,2017,2017
jacksqu01,Quenton Jackson,2023,2026
jacksre01,Reggie Jackson,2012,2025
jackstr02,Trayce Jackson-Davis,2024,2026
jamesbr02,Bronny James,2025,2026
jamesju01,Justin James,2020,2021
jamesle01,LeBron James,2004,2025
jamesmi02,Mike James,2018,2021
jamessi01,Sion James,2026,2026
jaqueja01,Jaime Jaquez Jr.,2024,2026
jarrede01,DeJon Jarreau,2022,2024
jeffeal01,Al Jefferson,2005,2018
jeffeam01,Amile Jefferson,2019,2020
jeffeco01,Cory Jefferson,2015,2016
jefferi01,Richard Jefferson,2002,2018
jeffrda01,DaQuan Jeffries,2020,2025
jemistr01,Trey Jemison,2024,2026
jenkida01,Daniss Jenkins,2025,2026
jenkijo01,John Jenkins,2013,2019
jennibr01,Brandon Jennings,2010,2018
jerebjo01,Jonas Jerebko,2010,2019
jeromty01,Ty Jerome,2020,2025
joeis01,Isaiah Joe,2021,2026
johnsaj01,AJ Johnson,2025,2026
johnsal02,Alize Johnson,2019,2023
johnsam01,Amir Johnson,2006,2019
johnsbj01,B.J. Johnson,2019,2022
johnsbr02,Brice Johnson,2017,2018
johnsca02,Cameron Johnson,2020,2026
johnsch04,Chris Johnson,2013,2016
johnsda04,Dakari Johnson,2018,2018
johnsda08,David Johnson,2022,2022
johnsja05,Jalen Johnson,2022,2026
johnsja01,James Johnson,2010,2025
johnsjo02,Joe Johnson,2002,2022
johnske04,Keldon Johnson,2020,2026
johnske07,Keon Johnson,2022,2025
johnske10,Keshad Johnson,2025,2026
johnske08,Keyontae Johnson,2024,2024
johnsom01,Omari Johnson,2018,2018
johnsor01,Orlando Johnson,2013,2016
johnsst04,Stanley Johnson,2016,2023
johnstr03,Tre Johnson,2026,2026
johnsty01,Tyler Johnson,2015,2022
johnswe01,Wesley Johnson,2011,2019
jokicni01,Nikola Jokić,2016,2026
jonesca03,Carlik Jones,2022,2023
jonesco02,Colby Jones,2024,2026
jonesda02,Dahntay Jones,2004,2017
jonesda03,Damian Jones,2017,2024
jonesde02,Derrick Jones Jr.,2017,2026
jonesdi01,Dillon Jones,2025,2025
joneshe01,Herbert Jones,2022,2026
jonesis01,Isaac Jones,2025,2026
jonesja04,Jalen Jones,2018,2019
jonesja02,James Jones,2004,2017
jonesje01,Jemerrio Jones,2019,2022
joneska01,Kai Jones,2022,2025
jonesma05,Mason Jones,2021,2025
jonessp01,Spencer Jones,2025,2026
joneste01,Terrence Jones,2013,2019
jonestr01,Tre Jones,2021,2026
jonesty01,Tyus Jones,2016,2026
jonesda06,David Jones García,2026,2026
jordade01,DeAndre Jordan,2009,2026
josepco01,Cory Joseph,2012,2025
jovicni01,Nikola Jović,2023,2026
juzanjo01,Johnny Juzang,2023,2026
kabenmf01,Mfiondu Kabengele,2020,2023
kalaige01,Georgios Kalaitzakis,2022,2022
kalkbry01,Ryan Kalkbrenner,2026,2026
kamanch01,Chris Kaman,2004,2016
kaminfr01,Frank Kaminsky,2016,2023
karasse01,Sergey Karasev,2014,2016
kaunsa01,Sasha Kaun,2016,2016
kawamyu01,Yuki Kawamura,2025,2025
keelstr01,Trevor Keels,2023,2023
kelleky01,Kylor Kelley,2025,2025
kellymi02,Miles Kelly,2026,2026
kellyry01,Ryan Kelly,2014,2017
kennalu01,Luke Kennard,2018,2026
kesslwa01,Walker Kessler,2023,2026
keybr01,Braxton Key,2022,2025
kiddst01,Stanton Kidd,2020,2020
kiddgmi01,Michael Kidd-Gilchrist,2013,2020
kilpase01,Sean Kilpatrick,2015,2018
kingge03,George King,2019,2022
kinglo02,Louis King,2020,2023
kispeco01,Corey Kispert,2022,2026
klebima01,Maxi Kleber,2018,2026
klintbo01,Bobi Klintman,2025,2026
knechda01,Dalton Knecht,2025,2026
knighbr03,Brandon Knight,2012,2022
knighna01,Nathan Knight,2021,2023
knoxke01,Kevin Knox,2019,2025
knuepko01,Kon Knueppel,2026,2026
kolekty01,Tyler Kolek,2025,2026
kolokch01,Christian Koloko,2023,2026
konanya01,Yanic Konan Niederhauser,2026,2026
konchjo01,John Konchar,2020,2026
korkmfu01,Furkan Korkmaz,2018,2024
kornelu01,Luke Kornet,2018,2026
korveky01,Kyle Korver,2004,2020
koufoko01,Kosta Koufos,2009,2019
krejcvi01,Vit Krejci,2022,2026
kulboar01,Arnoldas Kulboka,2022,2022
kuminjo01,Jonathan Kuminga,2022,2026
kurucro01,Rodions Kurucs,2019,2021
kuzmaky01,Kyle Kuzma,2018,2026
kuzmimi01,Mindaugas Kuzminskas,2017,2018
laravja01,Jake LaRavia,2023,2026
lavinza01,Zach LaVine,2015,2026
labissk01,Skal Labissière,2017,2025
lamban01,Anthony Lamb,2021,2023
lambje01,Jeremy Lamb,2013,2022
landajo01,Jock Landale,2022,2026
landrca01,Carl Landry,2008,2016
langfro01,Romeo Langford,2020,2023
laniech01,Chaz Lanier,2026,2026
laproni01,Nicolás Laprovíttola,2017,2017
larkish01,Shane Larkin,2014,2018
larsspe01,Pelle Larsson,2025,2026
lauvejo01,Joffrey Lauvergne,2015,2018
lawvi01,Vic Law,2020,2020
lawsoaj01,A.J. Lawson,2023,2025
lawsoty01,Ty Lawson,2010,2017
laymaja01,Jake Layman,2017,2022
leverca01,Caris LeVert,2017,2026
leaftj01,T.J. Leaf,2018,2021
lecquja01,Jalen Lecque,2020,2021
leeco01,Courtney Lee,2009,2020
leeda03,Damion Lee,2018,2025
leeda02,David Lee,2006,2017
leesa01,Saben Lee,2021,2024
lemonwa01,Walt Lemon Jr.,2018,2019
lenal01,Alex Len,2014,2025
leonaka01,Kawhi Leonard,2012,2026
leoname01,Meyers Leonard,2013,2023
leonsma01,Malevy Leons,2025,2025
leuerjo01,Jon Leuer,2012,2019
lewiski01,Kira Lewis Jr.,2021,2024
lewisma05,Maxwell Lewis,2024,2025
lewissc01,Scottie Lewis,2022,2022
liddeej01,E.J. Liddell,2024,2026
liggide01,DeAndre Liggins,2012,2018
lillada01,Damian Lillard,2013,2025
linje01,Jeremy Lin,2011,2019
littlna01,Nassir Little,2020,2024
livelde01,Dereck Lively II,2024,2026
liveris01,Isaiah Livers,2022,2026
livinch01,Chris Livingston,2024,2025
livinsh01,Shaun Livingston,2005,2019
loftoke01,Kenneth Lofton Jr.,2023,2024
loftoza01,Zach Lofton,2019,2019
longsh01,Shawn Long,2017,2017
looneke01,Kevon Looney,2016,2026
lopezbr01,Brook Lopez,2009,2026
lopezro01,Robin Lopez,2009,2024
louzama01,Didi Louzada,2021,2022
loveca01,Caleb Love,2026,2026
loveke01,Kevin Love,2009,2026
lowryky01,Kyle Lowry,2007,2026
loydjo01,Jordan Loyd,2019,2019
lucaska01,Kalin Lucas,2015,2019
lucasjo02,John Lucas III,2006,2017
lundbga01,Gabriel Lundberg,2022,2022
lundyse01,Seth Lundy,2024,2024
luwawti01,Timothé Luwawu-Cabarrot,2017,2022
lydonty01,Tyler Lydon,2018,2019
lylestr01,Trey Lyles,2016,2025
mcclesh01,Sheldon Mac,2017,2017
machasc01,Scott Machado,2013,2019
macksh01,Shelvin Mack,2012,2019
maconda01,Daryl Macon,2019,2020
macurjp01,J.P. Macura,2019,2020
magetjo01,Josh Magette,2018,2020
magnawi01,Will Magnay,2021,2021
mahinia01,Ian Mahinmi,2008,2020
makerth01,Thon Maker,2017,2021
maledth01,Théo Maledon,2021,2024
maluakh01,Khaman Maluach,2026,2026
mamuksa01,Sandro Mamukelashvili,2022,2026
maneka01,Karim Mané,2021,2021
mannte01,Terance Mann,2020,2026
manntr01,Tre Mann,2022,2026
mannini01,Nico Mannion,2021,2021
manonch01,Chris Mañon,2026,2026
marblde01,Devyn Marble,2015,2016
marjabo01,Boban Marjanović,2016,2024
markkla01,Lauri Markkanen,2018,2026
marshke01,Kendall Marshall,2013,2016
marshna01,Naji Marshall,2021,2026
martica02,Caleb Martin,2020,2026
martico01,Cody Martin,2020,2026
martija01,Jarell Martin,2016,2019
martija02,Jaylen Martin,2025,2025
martije02,Jeremiah Martin,2020,2021
martike03,Kelan Martin,2020,2022
martike02,Kevin Martin,2005,2016
martike04,KJ Martin,2021,2025
martity01,Tyrese Martin,2023,2026
masonfr01,Frank Mason III,2018,2021
matenya01,Yante Maten,2019,2019
mathega01,Garrison Mathews,2020,2025
mathima01,Mangok Mathiang,2018,2018
mathida01,Dakota Mathias,2021,2022
mathube01,Bennedict Mathurin,2023,2026
matkoka01,Karlo Matković,2025,2026
matthwe02,Wesley Matthews,2010,2024
maxeyty01,Tyrese Maxey,2021,2026
mayooj01,O.J. Mayo,2009,2016
mayssk01,Skylar Mays,2021,2024
mbahalu01,Luc Mbah a Moute,2009,2020
mcadoja01,James Michael McAdoo,2015,2018
mcbrimi01,Miles McBride,2022,2026
mccaija01,Jared McCain,2025,2026
mccalta01,Tahjere McCall,2019,2019
mccalra01,Ray McCallum,2014,2016
mccawpa01,Patrick McCaw,2017,2021
mccluma01,Mac McClung,2022,2026
mccolcj01,CJ McCollum,2014,2026
mccontj01,T.J. McConnell,2016,2026
mccreer01,Erik McCree,2018,2018
mcculke01,Kevin McCullar Jr.,2025,2025
mcculch01,Chris McCullough,2016,2018
mcdanja02,Jaden McDaniels,2021,2026
mcdanja01,Jalen McDaniels,2020,2025
mcdankj01,K.J. McDaniels,2015,2017
mcderdo01,Doug McDermott,2015,2026
mcderse01,Sean McDermott,2021,2021
mcgarmi01,Mitch McGary,2015,2016
mcgeeja01,JaVale McGee,2009,2024
mcgowbr01,Bryce McGowens,2023,2026
mcgrica01,Cameron McGriff,2022,2022
mcgruro01,Rodney McGruder,2017,2023
mckintr01,Trey McKinney-Jones,2018,2018
mckinal01,Alfonzo McKinnie,2018,2022
mclauja01,JaQuori McLaughlin,2022,2022
mclaujo01,Jordan McLaughlin,2020,2026
mclembe01,Ben McLemore,2014,2022
mcneeli01,Liam McNeeley,2026,2026
mcraejo01,Jordan McRae,2016,2020
mcrobjo01,Josh McRoberts,2008,2018
mcveija01,Jack McVeigh,2025,2025
meeksjo01,Jodie Meeks,2010,2019
mejrisa01,Salah Mejri,2016,2019
mellini01,Nicolò Melli,2020,2021
meltode01,De'Anthony Melton,2019,2025
mensana01,Nathan Mensah,2024,2024
merrisa01,Sam Merrill,2021,2026
metuch01,Chimezie Metu,2019,2024
micicva01,Vasilije Micić,2024,2025
mickejo01,Jordan Mickey,2016,2018
middlkh01,Khris Middleton,2013,2026
mikaer01,Eric Mika,2020,2020
milescj01,C.J. Miles,2006,2022
millean02,Andre Miller,2000,2016
millebr02,Brandon Miller,2024,2026
milleda01,Darius Miller,2013,2021
milleem01,Emanuel Miller,2025,2025
millejo02,Jordan Miller,2024,2026
millele01,Leonard Miller,2024,2026
millema01,Malcolm Miller,2018,2020
millemi01,Mike Miller,2001,2017
whiteda01,Dariq Whitehead,2024,2025
millspa02,Patty Mills,2010,2025
millsel01,Elijah Millsap,2015,2017
millspa01,Paul Millsap,2007,2022
miltosh01,Shake Milton,2019,2025
minayju01,Justin Minaya,2023,2025
minixri01,Riley Minix,2025,2026
minotjo01,Josh Minott,2023,2026
mirotni01,Nikola Mirotić,2015,2019
missiyv01,Yves Missi,2025,2026
mitchaj01,Ajay Mitchell,2025,2026
mitchda01,Davion Mitchell,2022,2026
mitchdo01,Donovan Mitchell,2018,2026
mitrona01,Naz Mitrou-Long,2018,2020
mobleev01,Evan Mobley,2022,2026
mobleis01,Isaiah Mobley,2023,2025
mogbojo01,Jonathan Mogbo,2025,2026
mohamna01,Nazr Mohammed,1999,2016
mokokad01,Adam Mokoka,2020,2021
monekch01,Chima Moneke,2023,2023
monkma01,Malik Monk,2018,2026
monrogr01,Greg Monroe,2011,2022
montelu01,Luis Montero,2016,2018
moodymo01,Moses Moody,2022,2026
moonxa01,Xavier Moon,2022,2024
moonema01,Matt Mooney,2020,2022
moorebe01,Ben Moore,2018,2018
mooreet01,E'Twaun Moore,2012,2021
mooreta02,Taze Moore,2024,2025
moorewe01,Wendell Moore Jr.,2023,2026
moranja01,Ja Morant,2020,2026
moreler01,Eric Moreland,2015,2019
morgaju01,Juwan Morgan,2020,2022
morrija01,Jaylen Morris,2018,2022
morrima03,Marcus Morris,2012,2024
morrima02,Markieff Morris,2012,2025
morrimo01,Monte Morris,2018,2026
morroan01,Anthony Morrow,2009,2017
motiedo01,Donatas Motiejūnas,2013,2019
motlejo01,Johnathan Motley,2018,2020
mozgoti01,Timofey Mozgov,2011,2018
mudiaem01,Emmanuel Mudiay,2016,2022
muhamsh01,Shabazz Muhammad,2014,2018
muldemy01,Mychal Mulder,2020,2022
munfoxa02,Xavier Munford,2016,2018
murkead01,Ade Murkey,2022,2022
murphtr02,Trey Murphy III,2022,2026
murrade01,Dejounte Murray,2017,2025
murraja01,Jamal Murray,2017,2026
murrake02,Keegan Murray,2023,2025
murrakr01,Kris Murray,2024,2026
murraco01,Collin Murray-Boyles,2026,2026
musadz01,Džanan Musa,2019,2020
muscami01,Mike Muscala,2014,2024
mykhasv01,Svi Mykhailiuk,2019,2026
naderab01,Abdel Nader,2018,2022
nancela02,Larry Nance Jr.,2016,2026
nancepe01,Pete Nance,2024,2026
napiesh01,Shabazz Napier,2015,2020
ndourma01,Maurice Ndour,2017,2017
nealga01,Gary Neal,2011,2017
nelsoja01,Jameer Nelson,2005,2018
nembhan01,Andrew Nembhard,2023,2026
nembhrj01,RJ Nembhard Jr.,2022,2022
nembhry01,Ryan Nembhard,2026,2026
nesmiaa01,Aaron Nesmith,2021,2026
netora01,Raul Neto,2016,2023
newelas01,Asa Newell,2026,2026
newmama01,Malik Newman,2020,2022
newtotr01,Tristen Newton,2025,2025
niangge01,Georges Niang,2017,2025
nichoan01,Andrew Nicholson,2013,2017
nixda01,Daishen Nix,2022,2025
nnajize01,Zeke Nnaji,2021,2026
noahjo01,Joakim Noah,2008,2020
noelne01,Nerlens Noel,2015,2023
noguelu01,Lucas Nogueira,2015,2018
norrimi01,Miles Norris,2025,2025
norveza01,Zach Norvell,2020,2020
novakst01,Steve Novak,2007,2017
nowelja01,Jaylen Nowell,2020,2025
nowelma01,Markquis Nowell,2024,2024
nowitdi01,Dirk Nowitzki,1999,2019
ntilila01,Frank Ntilikina,2018,2024
nunnke01,Kendrick Nunn,2020,2023
nunnaja01,James Nunnally,2014,2021
nurkiju01,Jusuf Nurkić,2015,2026
nwabada01,David Nwaba,2017,2022
nworajo01,Jordan Nwora,2021,2024
obriejj01,J.J. O'Brien,2016,2016
obryajo01,Johnny O'Bryant,2015,2018
onealro01,Royce O'Neale,2018,2026
oquinky01,Kyle O'Quinn,2013,2020
ochefda01,Daniel Ochefu,2017,2017
ojelese01,Semi Ojeleye,2018,2022
okafoem01,Emeka Okafor,2005,2018
okafoja01,Jahlil Okafor,2016,2025
okekech01,Chuma Okeke,2021,2025
okoboel01,Elie Okobo,2019,2020
okogijo01,Josh Okogie,2019,2026
okongon01,Onyeka Okongwu,2021,2026
okorois01,Isaac Okoro,2021,2026
okpalkz01,KZ Okpala,2020,2023
oladivi01,Victor Oladipo,2014,2023
olivaqu01,Quincy Olivari,2025,2025
oliveca01,Cameron Oliver,2021,2022
olynyke01,Kelly Olynyk,2014,2026
omorueu01,Eugene Omoruyi,2022,2024
onimi01,Miye Oni,2020,2022
onuakar01,Arinze Onuaku,2014,2017
onuakch01,Chinanu Onuaku,2017,2018
osmande01,Cedi Osman,2018,2024
oturuda01,Daniel Oturu,2021,2022
oubreke01,Kelly Oubre Jr.,2016,2026
owensta01,Tariq Owens,2020,2020
pachuza01,Zaza Pachulia,2004,2019
paigeja01,Jaysean Paige,2022,2022
paigema01,Marcus Paige,2018,2018
palmetr01,Trayvon Palmer,2022,2022
pangoke01,Kevin Pangos,2022,2022
papagge01,Georgios Papagiannis,2017,2018
papanko01,Kostas Papanikolaou,2015,2016
pargoje01,Jeremy Pargo,2012,2020
parkeja01,Jabari Parker,2015,2022
parketo01,Tony Parker,2002,2019
parsoch01,Chandler Parsons,2012,2020
pascher01,Eric Paschall,2020,2022
pasecan01,Anžejs Pasečņiks,2020,2021
pattela01,Lamar Patterson,2016,2017
pattepa01,Patrick Patterson,2011,2021
pattoju01,Justin Patton,2018,2021
paulbr01,Brandon Paul,2018,2018
paulch01,Chris Paul,2006,2026
paynead01,Adreian Payne,2015,2018
payneca01,Cameron Payne,2016,2025
paytoel01,Elfrid Payton,2015,2025
paytoga02,Gary Payton II,2017,2026
peavymi01,Micah Peavy,2026,2026
pekovni01,Nikola Peković,2011,2016
pelleno01,Norvel Pelle,2020,2022
pendano01,Noah Penda,2026,2026
pereima01,Mãozinha Pereira,2024,2024
perkike01,Kendrick Perkins,2004,2018
perralo01,London Perrantes,2018,2018
perryre01,Reggie Perry,2021,2022
peterta01,Taelon Peter,2026,2026
peteral01,Alec Peters,2018,2018
peterdr01,Drew Peterson,2024,2025
petrufi01,Filip Petrušev,2024,2024
phillju01,Julian Phillips,2024,2026
pickeja02,Jalen Pickett,2024,2026
pickeja01,Jamorko Pickett,2022,2022
piercpa01,Paul Pierce,1999,2017
pinsoth01,Theo Pinson,2019,2023
pippesc02,Scotty Pippen Jr.,2023,2025
pleisti01,Tibor Pleiß,2016,2016
plowdda01,Daeqwon Plowden,2025,2026
plumlma02,Marshall Plumlee,2017,2018
plumlma01,Mason Plumlee,2014,2026
plumlmi01,Miles Plumlee,2013,2019
podzibr01,Brandin Podziemski,2024,2026
poeltja01,Jakob Poeltl,2017,2026
poirivi01,Vincent Poirier,2020,2021
pokusal01,Aleksej Pokusevski,2021,2024
pondequ01,Quincy Pondexter,2011,2019
pondssh01,Shamorie Ponds,2020,2020
ponsyv01,Yves Pons,2022,2022
poolejo01,Jordan Poole,2020,2026
portecr01,Craig Porter Jr.,2024,2026
portejo01,Jontay Porter,2021,2024
porteke02,Kevin Porter Jr.,2020,2026
portemi01,Michael Porter Jr.,2020,2026
porteot01,Otto Porter Jr.,2014,2024
portibo01,Bobby Portis,2016,2026
porzikr01,Kristaps Porziņģis,2016,2026
postqu01,Quinten Post,2025,2026
pottemi01,Micah Potter,2022,2025
poweldr01,Drake Powell,2026,2026
poweldw01,Dwight Powell,2015,2026
powelmy01,Myles Powell,2022,2022
powelno01,Norman Powell,2016,2026
poythal01,Alex Poythress,2017,2019
pressph01,Phil Pressey,2014,2016
prestja01,Jason Preston,2023,2024
pricero01,Ronnie Price,2006,2017
prigipa01,Pablo Prigioni,2013,2016
primojo01,Joshua Primo,2022,2024
princta02,Taurean Prince,2017,2026
princta01,Tayshaun Prince,2003,2016
pritcpa01,Payton Pritchard,2021,2026
proctty01,Tyrese Proctor,2026,2026
prospol01,Olivier-Maxence Prosper,2024,2026
pulleja01,Jacob Pullen,2018,2018
pullizy01,Zyon Pullin,2025,2025
purviro01,Rodney Purvis,2018,2018
qizh01,Zhou Qi,2018,2019
quartti01,Tim Quarterman,2017,2018
queende01,Derik Queen,2026,2026
queentr01,Trevelin Queen,2022,2025
quetane01,Neemias Queta,2022,2026
quickim01,Immanuel Quickley,2021,2026
quinole01,Lester Quiñones,2023,2025
rabbiv01,Ivan Rabb,2018,2019
ramseja01,Jahmi'us Ramsey,2021,2024
randlch01,Chasson Randle,2017,2021
randlju01,Julius Randle,2015,2026
randoza01,Zach Randolph,2002,2018
rathaxa01,Xavier Rathan-Mayes,2018,2018
raynama01,Maxime Raynaud,2026,2026
reathdu01,Duop Reath,2024,2026
reaveau01,Austin Reaves,2022,2026
reavejo02,Josh Reaves,2020,2020
reddica01,Cam Reddish,2020,2025
redicjj01,JJ Redick,2007,2021
reedda01,Davon Reed,2018,2023
reedpa01,Paul Reed,2021,2026
reedwi02,Willie Reed,2016,2018
reeseal01,Alex Reese,2025,2025
reevean01,Antonio Reeves,2025,2025
reidna01,Naz Reid,2020,2026
reynoca01,Cameron Reynolds,2019,2021
rhodeja01,Jared Rhoden,2023,2025
richawi02,Will Richard,2026,2026
richani01,Nick Richards,2021,2026
richaja02,Jase Richardson,2026,2026
richajo01,Josh Richardson,2016,2025
richama01,Malachi Richardson,2017,2019
rileywi01,Will Riley,2026,2026
rillegr01,Grant Riller,2021,2021
risacza01,Zaccharie Risacher,2025,2026
riverau01,Austin Rivers,2013,2023
robbili01,Liam Robbins,2025,2025
roberan03,Andre Roberson,2014,2021
roberbr01,Brian Roberts,2013,2017
robinde01,Devin Robinson,2018,2019
robindu01,Duncan Robinson,2019,2026
robingl02,Glenn Robinson III,2015,2021
robinje01,Jerome Robinson,2019,2024
robinju01,Justin Robinson,2020,2022
robinmi01,Mitchell Robinson,2019,2026
robinna01,Nate Robinson,2006,2016
robinor01,Orlando Robinson,2023,2026
robinth01,Thomas Robinson,2013,2017
robinje02,Jeremiah Robinson-Earl,2022,2026
robyis01,Isaiah Roby,2020,2023
roddyda01,David Roddy,2023,2025
rodrise01,Sergio Rodríguez,2007,2017
rolliry01,Ryan Rollins,2023,2026
rondora01,Rajon Rondo,2007,2022
rosede01,Derrick Rose,2009,2024
rosste01,Terrence Ross,2013,2023
roweja01,Jackson Rowe,2025,2025
roziete01,Terry Rozier,2016,2025
rubiori01,Ricky Rubio,2012,2023
rudezda01,Damjan Rudež,2015,2017
ruperra01,Rayan Rupert,2024,2026
rushbr01,Brandon Rush,2009,2017
russeda01,D'Angelo Russell,2016,2026
ryanma01,Matt Ryan,2022,2025
sabondo01,Domantas Sabonis,2017,2026
sacrero01,Robert Sacre,2013,2016
salauti01,Tidjane Salaün,2025,2026
sallihu01,Hunter Sallis,2026,2026
samanlu01,Luka Šamanić,2020,2024
sampsbr01,Brandon Sampson,2019,2019
sampsja02,JaKarr Sampson,2015,2021
samueje01,Jermaine Samuels,2024,2024
sandeko01,Kobe Sanders,2026,2026
sandela01,Larry Sanders,2011,2017
sanogad01,Adama Sanogo,2024,2025
santogu01,Gui Santos,2024,2026
sarafbe01,Ben Saraf,2026,2026
saricda01,Dario Šarić,2017,2026
sarral01,Alex Sarr,2025,2026
sarrol01,Olivier Sarr,2022,2024
sassema01,Marcus Sasser,2024,2025
satorto01,Tomáš Satoranský,2017,2022
schakjo01,Jordan Schakel,2022,2023
scheiba01,Baylor Scheierman,2025,2026
schofad01,Admiral Schofield,2020,2024
schrode01,Dennis Schröder,2014,2026
scolalu01,Luis Scola,2008,2017
scottmi01,Mike Scott,2013,2021
scotttr01,Tre Scott,2022,2022
scrubja01,Jay Scrubb,2021,2023
seabrde01,Dereon Seabron,2023,2024
searsma01,Mark Sears,2026,2026
sefolth01,Thabo Sefolosha,2007,2020
seldewa01,Wayne Selden,2017,2022
sengual01,Alperen Şengün,2022,2026
sensabr01,Brice Sensabaugh,2024,2026
serapke01,Kevin Séraphin,2011,2017
sessira01,Ramon Sessions,2008,2018
sextoco01,Collin Sexton,2019,2026
shamela01,Landry Shamet,2019,2026
shannte01,Terrence Shannon Jr.,2025,2026
sharpda01,Day'Ron Sharpe,2022,2026
sharpsh01,Shaedon Sharpe,2023,2026
shayoma01,Marial Shayok,2020,2020
sheadja01,Jamal Shead,2025,2026
sheppbe01,Ben Sheppard,2024,2026
sheppre01,Reed Sheppard,2025,2026
shumpim01,Iman Shumpert,2012,2021
siakapa01,Pascal Siakam,2017,2026
siberjo01,Jordan Sibert,2019,2019
silasxa01,Xavier Silas,2012,2018
silvach01,Chris Silva,2020,2023
simmobe01,Ben Simmons,2018,2025
simmojo02,Jonathon Simmons,2016,2019
simmoko01,Kobi Simmons,2018,2024
simonma01,Marko Simonovic,2022,2023
simonan01,Anfernee Simons,2019,2026
simpskj01,KJ Simpson,2025,2026
simpsza01,Zavier Simpson,2022,2024
simshe01,Henry Sims,2013,2016
simsja01,Jaylen Sims,2025,2025
simsje01,Jericho Sims,2022,2026
singlky01,Kyle Singler,2013,2018
sirvyde01,Deividas Sirvydis,2021,2022
skapidm01,Dmytro Skapintsev,2024,2024
slawsja01,Jalen Slawson,2024,2024
sloando01,Donald Sloan,2012,2016
smailal01,Alen Smailagić,2020,2021
smallja01,Javon Small,2026,2026
smartja01,Javonte Smart,2022,2024
smartma01,Marcus Smart,2015,2026
smithde03,Dennis Smith Jr.,2018,2024
smithdr01,Dru Smith,2023,2026
smithgr02,Greg Smith,2012,2016
smithis01,Ish Smith,2011,2024
smithjr01,J.R. Smith,2005,2020
smithja05,Jabari Smith Jr.,2023,2026
smithja04,Jalen Smith,2021,2026
smithja02,Jason Smith,2008,2019
smithjo03,Josh Smith,2005,2018
smithni01,Nick Smith Jr.,2024,2026
smithru01,Russ Smith,2015,2016
smithte01,Terquavion Smith,2024,2024
smithto05,Tolu Smith,2025,2026
smithty02,Tyler Smith,2025,2025
smithzh01,Zhaire Smith,2019,2020
sneedxa01,Xavier Sneed,2022,2023
snellto01,Tony Snell,2014,2022
sochaje01,Jeremy Sochan,2023,2026
spaldra01,Ray Spalding,2019,2021
speigma01,Marreese Speights,2009,2018
spellom01,Omari Spellman,2019,2020
spencca01,Cam Spencer,2025,2026
spencpa01,Pat Spencer,2024,2026
splitti01,Tiago Splitter,2011,2017
sprinja01,Jaden Springer,2022,2025
stanlca01,Cassius Stanley,2021,2022
stausni01,Nik Stauskas,2015,2022
stephdj01,D.J. Stephens,2014,2019
stephla01,Lance Stephenson,2011,2022
stephal01,Alex Stepheson,2016,2016
steveis01,Isaiah Stevens,2025,2025
stevela01,Lamar Stevens,2021,2025
stewais01,Isaiah Stewart,2021,2026
stockda01,David Stockton,2015,2018
stokeja01,Jarnell Stokes,2015,2017
stonedi01,Diamond Stone,2017,2017
stoneju01,Julyan Stone,2012,2018
stoudam01,Amar'e Stoudemire,2003,2016
strawju01,Julian Strawther,2024,2026
strusma01,Max Strus,2020,2025
stuckro01,Rodney Stuckey,2008,2017
suggsja01,Jalen Suggs,2022,2026
sullija01,Jared Sullinger,2013,2017
sumneed01,Edmond Sumner,2018,2023
swanica01,Caleb Swanigan,2018,2020
swideco01,Cole Swider,2023,2025
swordcr01,Craig Sword,2022,2022
sykeske01,Keifer Sykes,2022,2022
tateja01,Jae'Sean Tate,2021,2026
tatumja01,Jayson Tatum,2018,2025
tavarwa01,Edy Tavares,2016,2017
taylois01,Isaiah Taylor,2017,2018
taylote01,Terry Taylor,2022,2025
teaguje01,Jeff Teague,2010,2021
teaguma01,Marquis Teague,2013,2018
teletmi01,Mirza Teletović,2013,2018
telfoja01,Jahmyl Telfort,2026,2026
templga01,Garrett Temple,2010,2025
teodomi01,Miloš Teodosić,2018,2019
terreja01,Jared Terrell,2019,2019
terryda01,Dalen Terry,2023,2026
terryem01,Emanuel Terry,2019,2022
terryja01,Jason Terry,2000,2018
terryty01,Tyrell Terry,2021,2022
teskejo01,Jon Teske,2022,2022
theisda01,Daniel Theis,2018,2025
thomabr01,Brodric Thomas,2021,2022
thomaca02,Cam Thomas,2022,2026
thomais02,Isaiah Thomas,2012,2024
thomakh01,Khyri Thomas,2019,2021
thomala01,Lance Thomas,2012,2020
thomama02,Matt Thomas,2020,2022
thompam01,Amen Thompson,2024,2026
thompau01,Ausar Thompson,2024,2026
thompho01,Hollis Thompson,2014,2017
thompja02,Jason Thompson,2009,2016
thompkl01,Klay Thompson,2012,2026
thomptr01,Tristan Thompson,2012,2025
thorjt01,JT Thor,2022,2025
thornma01,Marcus Thornton,2010,2017
thornsi01,Sindarius Thornwell,2018,2021
thybuma01,Matisse Thybulle,2020,2026
tilliki02,Killian Tillie,2021,2022
tillmxa01,Xavier Tillman Sr.,2021,2026
timmedr01,Drew Timme,2025,2025
tobeymi01,Mike Tobey,2017,2017
toddis01,Isaiah Todd,2022,2023
tollian01,Anthony Tolliver,2009,2021
tomlina01,Nae'Qwan Tomlin,2025,2026
toppija01,Jacob Toppin,2024,2026
toppiob01,Obi Toppin,2021,2026
toscaju01,Juan Toscano-Anderson,2020,2024
toupaax01,Axel Toupane,2016,2021
townska01,Karl-Anthony Towns,2016,2026
armeltr01,Armel Traoré,2025,2025
traorno01,Nolan Traoré,2026,2026
travelu01,Luke Travers,2025,2026
trentga02,Gary Trent Jr.,2019,2026
trieral01,Allonzo Trier,2019,2020
tshieos01,Oscar Tshiebwe,2024,2025
tuckepj01,P.J. Tucker,2007,2025
tuckera01,Rayjon Tucker,2020,2022
turneev01,Evan Turner,2011,2020
turnemy01,Myles Turner,2016,2026
tysonhu01,Hunter Tyson,2024,2026
tysonja01,Jaylon Tyson,2025,2026
udohek01,Ekpe Udoh,2011,2019
udrihbe01,Beno Udrih,2005,2017
ulisty01,Tyler Ulis,2017,2019
umudest01,Stanley Umude,2023,2025
uthofja01,Jarrod Uthoff,2017,2020
valanjo01,Jonas Valančiūnas,2013,2026
valende01,Denzel Valentine,2017,2022
vanvlfr01,Fred VanVleet,2017,2025
vandeja01,Jarred Vanderbilt,2019,2026
varejan01,Anderson Varejão,2005,2021
vasqugr01,Greivis Vásquez,2011,2017
vassede01,Devin Vassell,2021,2026
vaughra01,Rashad Vaughn,2016,2018
vezenal01,Sasha Vezenkov,2024,2024
villach01,Charlie Villanueva,2006,2016
vincega01,Gabe Vincent,2020,2026
vonleno01,Noah Vonleh,2015,2023
vucevni01,Nikola Vučević,2012,2026
vujacsa01,Sasha Vujačić,2005,2017
vukcetr01,Tristan Vukcevic,2024,2026
wadede01,Dean Wade,2020,2026
wadedw01,Dwyane Wade,2004,2019
wagnefr01,Franz Wagner,2022,2026
wagnemo01,Moritz Wagner,2019,2025
wainris01,Ish Wainright,2022,2024
waitedi01,Dion Waiters,2013,2020
walkeja01,Jabari Walker,2023,2026
walkeja02,Jarace Walker,2024,2026
walkeke02,Kemba Walker,2012,2023
walkelo01,Lonnie Walker IV,2019,2025
walkemj01,M.J. Walker,2022,2022
walljo01,John Wall,2011,2023
wallaca01,Cason Wallace,2024,2026
wallake01,Keaton Wallace,2025,2026
wallaty01,Tyrone Wallace,2018,2022
walshjo01,Jordan Walsh,2024,2026
walteja01,Ja'Kobe Walter,2025,2026
waltode01,Derrick Walton,2018,2022
wanambr01,Brad Wanamaker,2019,2022
wareke01,Kel'el Ware,2025,2026
warneja01,Jameel Warney,2018,2018
warretj01,T.J. Warren,2015,2024
washbju01,Julian Washburn,2019,2019
washidu02,Duane Washington Jr.,2022,2023
washipj01,P.J. Washington,2020,2026
washity02,TyTy Washington Jr.,2023,2025
watanyu01,Yuta Watanabe,2019,2024
waterli01,Lindy Waters III,2022,2026
watertr01,Tremont Waters,2020,2022
watfotr01,Trendon Watford,2022,2026
watkija01,Jamir Watkins,2026,2026
watsoan02,Anton Watson,2025,2025
watsocj01,C.J. Watson,2008,2017
watsopa01,Paul Watson,2020,2022
watsope01,Peyton Watson,2023,2026
weartr01,Travis Wear,2015,2018
weathqu01,Quinndary Weatherspoon,2020,2022
webbja01,James Webb III,2018,2018
weberbr01,Briante Weber,2016,2018
weemsso01,Sonny Weems,2009,2016
wellsja01,Jaylen Wells,2025,2026
welshth01,Thomas Welsh,2019,2019
wembavi01,Victor Wembanyama,2024,2026
weslebl01,Blake Wesley,2023,2026
westda01,David West,2004,2018
westbru01,Russell Westbrook,2009,2026
wheelph02,Phillip Wheeler,2025,2025
whitean01,Andrew White,2018,2018
whiteco01,Coby White,2020,2025
whitede01,Derrick White,2018,2026
whiteja03,Jack White,2023,2024
whiteok01,Okaro White,2017,2019
whiteis01,Isaiah Whitehead,2017,2018
whiteha01,Hassan Whiteside,2011,2022
whitmca01,Cam Whitmore,2024,2026
whittgr01,Greg Whittington,2021,2021
whittsh01,Shayne Whittington,2015,2016
wieskjo01,Joe Wieskamp,2022,2023
wiggiaa01,Aaron Wiggins,2022,2026
wiggian01,Andrew Wiggins,2015,2026
wiggili01,Lindell Wigginton,2022,2024
wilcocj01,C.J. Wilcox,2015,2017
wileyja01,Jacob Wiley,2018,2018
wilkida02,Damien Wilkins,2005,2018
willial03,Alan Williams,2016,2019
willial06,Alondes Williams,2023,2025
william01,Amari Williams,2026,2026
willibr03,Brandon Williams,2022,2026
willicj01,C.J. Williams,2018,2019
willico04,Cody Williams,2025,2026
willide01,Deron Williams,2006,2017
willide02,Derrick Williams,2012,2018
willido02,Donovan Williams,2023,2023
williel01,Elliot Williams,2012,2016
willigr01,Grant Williams,2020,2025
willija06,Jalen Williams,2023,2025
willija07,Jaylin Williams,2023,2026
willije02,Jeenathan Williams,2023,2025
willijo04,Johnathan Williams,2019,2020
willike04,Kenrich Williams,2019,2025
willilo02,Lou Williams,2006,2022
willima11,Malik Williams,2024,2024
willima07,Mark Williams,2023,2026
willima02,Marvin Williams,2006,2020
willima05,Matt Williams,2018,2018
willima01,Mo Williams,2004,2016
willipa01,Patrick Williams,2021,2026
willire02,Reggie Williams,2010,2017
williro04,Robert Williams,2019,2026
willitr02,Troy Williams,2017,2019
willivi01,Vince Williams Jr.,2023,2026
willizi02,Ziaire Williams,2022,2026
willini01,Nigel Williams-Goss,2020,2020
willizi01,Zion Williamson,2020,2026
wilsodj01,D.J. Wilson,2018,2024
wilsoja03,Jalen Wilson,2024,2026
wilsoja02,Jamil Wilson,2018,2018
wiltjky01,Kyle Wiltjer,2017,2017
windldy01,Dylan Windler,2021,2024
winslju01,Justise Winslow,2016,2023
winstca01,Cassius Winston,2021,2022
wisemja01,James Wiseman,2021,2026
witheje01,Jeff Withey,2014,2018
wolfda01,Danny Wolf,2026,2026
woltena01,Nate Wolters,2014,2018
wongis01,Isaiah Wong,2024,2025
woodch01,Christian Wood,2016,2024
woodaro01,Robert Woodard II,2021,2022
artesro01,Metta World Peace,2000,2017
wrighbr03,Brandan Wright,2008,2018
wrighde01,Delon Wright,2016,2025
wrighmc01,McKinley Wright IV,2022,2023
wrighmo01,Moses Wright,2022,2022
wrighju02,Justin Wright-Foreman,2020,2020
wroteto01,Tony Wroten,2013,2016
yabusgu01,Guerschon Yabusele,2018,2026
yorkga01,Gabe York,2022,2023
youngja05,Jahmir Young,2025,2026
youngja01,James Young,2015,2018
youngjo01,Joe Young,2016,2018
youngni01,Nick Young,2008,2019
youngth01,Thaddeus Young,2008,2024
youngtr01,Trae Young,2019,2026
youngch01,Chris Youngblood,2026,2026
yurtsom01,Omer Yurtseven,2022,2024
zelleco01,Cody Zeller,2014,2024
zellety01,Tyler Zeller,2013,2020
zimmest01,Stephen Zimmerman,2017,2017
zipsepa01,Paul Zipser,2017,2018
zizican01,Ante Žižić,2018,2020
zubaciv01,Ivica Zubac,2017,2026
